Source,Target,Weight
"xNu\zheLsL 486",FKCikXpeyQraZ,14
`JzKPd'dbUR:Xv,\)FluD,48
"U,uARXy\aIn",gruHB&RHXI]HA],37
f#DQt#(WI,ritFpuvnMpHJWzEEV915,18
e'hU,aP#tV',23
dctAYGjaZUUixc.LUP,JOWRTjSxQtrW,16
:gGEtVP131,lrpuKkQpKbFPvFU%Etj[$w,22
zwzukZrL,KHpFsDUfCMh#IKeuc,47
EtuEP'FYSSqqyMZE,QOGZDFhBAuSIXwaqnhgN++151,25
"nl>;IV/SBWSdgSSsfGX522",ritFpuvnMpHJWzEEV915,38
fUuWMZ(B,@fjlkl-n,39
"h,usTC(",Md%SBSW`ngKkBqFAx,22
dDIuCYXtgXQNDYW,\BA,49
qUH%`]^959,cIBArc@a,24
YF$GQ$pqLN%,yhBoILWZFj-$easyJ*X,20
qZ+w*.,yQ)%U\483,47
\yK=dSQ,:^^P,41
GCG`Xq'pEcQ),rB_gUNYexrUXe#ZYZgWVGK,42
*Vf?Zn,MICoYPbQCcrm*aJmWcZZ,15
P:NPAeqjORKZDffUWt,*b.m`,28
ktzlbTmDURWVyjIAHUsp*^471,AIijTP$117,13
i,pyZpoKoeJ,7
e:jOmmgFEAUuuwOtfdR=466,"s,ltE%ZcjR%ZkF&246",2
@kXHI#\,qYbIsDjGdgM,44
^VQ,eikhRGJSoCBUSb(Tdtix225,1
"mNqFH;Bc-",jFV,21
jqjBzHjFms=OerpLnXKgc,MBsk@YVMRfQEZxTtC,17
PKJ_ZkJ,^YD[I`d364,18
zwzukZrL,y\FBxo]pjToQbHOeLVZ,28
"ZTZn,`I","kGD dcEs[n=CUnmn180",38
aVp\Z.I]bXie,aH.'F179,31
cDk*Hnc_Tk,"y)iVj,xIvuJ",47
xSwIlZElDolhsK,rB_gUNYexrUXe#ZYZgWVGK,26
tICWp]bX)OvZnlYu,tDrMBvqkxCIjvC_nw848,41
kQi-eA,ca+L,40
AostSutnCfFNycXekAW$r,XOYTButlCcZiSo,48
lEGppKMGMCPEyj,SdwCLUtTlCO,29
TiCjIh=SRSfuolvxnn,)yLTA:KTCaHOgN+Kkn,25
:CjiJQC[ius)NHG,"fQqn d_N$kzKnkPWB",23
MwJSCfsruvah(F,"e;S,DEgbVp/",10
iISpMiYoZWWRm,"U,uARXy\aIn",3
"n-Gk j-lT.303",YDdVSa.W&UqWD-faaQ,35
<w/543,ebxcBC+,38
hQOqjJhXwl`,wjTAlDwGHwvnoGBYQB,16
L.-E^,yM+lHIUi,11
Fe\A_-a,YJpnwFC,10
<FWdkxBnblRkd,h+djslMRdDR,29
(pgy,)JULHnNhZPnOcge,27
ZlcnPq#cg/AWUvQpuOrGN-545,`UtP?490,35
FRtGmlSud(KTdKgYh,Gz#y#oVUhr,26
WIKWBtP:zH`607,ZQ)qFdNOlWzRudEgtO<mJ,35
"PmA,<vX",PazCSZHhyUAcpZ,19
Wd_@eZbI#jk403,AYLLzITjq*289,42
ZoUzjp&,ruMyuovldFbTG,35
"DPFToi;t:ao","iY'.;",13
">Wrk vXW",Iuis,5
OlofMbgauoWzzfT,>BdSN,34
@vMzVSLOxwktHvpYgNq,NxdLNPOdAXRwZmqQOM,42
"XA^;l#Fkh",'E?>,14
k)RGXRwBAMFjepYHl@z,YrTtlgEXiM^qdIpFxLNS154,23
DfUl&MIpniOJ],uS^xrRhqBUIqwv`Dd,26
"pCYDaAgNHLD*UipwI,814","uYH[FCH,MqSwGcJTdgRTc",7
>tI)@F,jtqw?eB`T,15
MYmCBCuRCsemXEiJyRQ,sjfJFqu%utmQ],30
yLPvw\ktsjvYNalljlwJT,EfsRBizsidP\bUw?lEM,36
gMQNUTOdoEklLNUQyYrx,e,48
lEsUUMjcNlQ)G,jps,24
"]*Jql@X;687",vln475,36
NPEThuhW[o'YrOyw^EvNwb,JSnRv&r,28
qc>\Kiyb,/]MZgy,28
cBEa#,Cx,6
"waSaNFDHYc#LVs GT/tiau",AiDeZpt(TRM,1
hoZA**X%f,K,8
upm>I_,?wkpDUuc,6
fC/=OhdLlxzeOMJ,W_t$spN:pmf(738,38
^P?BtheZ,"Jzs\;g)",50
imfYW`vyH&&,FB(?YprgHEZ@DNZ,20
"bbhd r^sQBpQW)xClX",CvBjY145,23
"TiA#QyegMRqIlYJGz%;rGcF",DbpG,11
-Wy(lrs+Tix,UXbyFyzUZ:AeFoUV:,16
BfE\ILaXS,\f:,6
.OgISwtD*GUof,"zsxPe ySnF)>x",8
:@?o,KS@gl+#V447,11
"sYGmGFAfRZm,p",M%w,44
$RQocizrHAqq#tQrL#153,"a _sf",42
ns*ItSVUaXH,AYLLzITjq*289,23
"qwsjbC`NdKvn=DG MGj",Eu+^mlfj,16
@[/YBZ,I_dAGPjoNpSa%ASFzo286,50
hzZ+ui,QcVcaEk':,30
KpFiUHcK[yqkF-K-dK,";pYTd",20
(nvG>UmLoOFpL,lxD,5
" XdHoAu","fQqn d_N$kzKnkPWB",40
Gz#y#oVUhr,BqgiE>KSMrFE,32
CQePNwvOOtGJQAmVEopf,"<cOILvxuqQG Us",4
o#vYBXnMrO$854,zxJCa%iTbfCda,43
"bmF,aApLXegaA_*[693",QU,40
"GpKSyJm 681",IvIfLJIEMDHyBkmjoBsu,10
xiglp/u,B#Oi*DTOUfnJifNNH?pwnC+622,2
IGYeS[633,wI/h?F*mEOxdh,28
";rc%dpY:kZfx",nouR)VSJtydt,14
@vMzVSLOxwktHvpYgNq,zSsGYj)q$Yc,34
";pYTd",hknock`uC,49
_kdVK/pF?,y(SUP,41
$pACyBY*jJifPQMovIi,JSlDVxXABMVMsyliG,21
"NrFnKnz,Y?txYPwoSsokwW",z=#HBdAB,1
eLHDGLr,R].Tt]pHHdkoJQJGh,20
^eLsD,hXERgZVCPDkUwHClHxMn,43
xMhnL$\s,rWmk962,8
qISfYifQarf\GNEq,O?Crl/JVMvH#f,43
h+djslMRdDR,M%,47
"rzp @_",\f:,9
%EPDns,`av=,36
pXwUtSbiQCzOPh,"zKJLFgN,QgeX",34
/[q,=heXkBsK?G(TKAeTAe255,42
ca+L,nwZiAdiqSBMBWPhcCJlp,24
QZ,DxY?_W\,29
"\ZwExTcl/yMCCf;q",THbBKe'yfrkYwZgkpT%547,50
OZmdhsdjYpKepN647,lncJj<kRP'NAr:PUwbsiQ,46
jcDLAPYNkEBtzBv,p[SX,35
AYLLzITjq*289,TSxbB=/H,50
"a _sf",X=ZaySgi,50
rrwnIvFTXikp,dgPgPrUDTCBfzVV,28
ENyfcfSwfeXgsGiWxB,W,15
"b#LAGBQ=SC KcM",n.Gaw?to,45
SPa,tvlo$HyvoKcvkSLF_oEBn714,26
ALbiVOkd&VFzneNaOm,%EPDns,6
OScCrrtnb$HVQG)swQEbh,V\myNRyqdlcA>S,19
&+N,eZj+CkQ(iy,42
jtqw?eB`T,IG'GXRRrRUcKIlP,42
PKJ_ZkJ,ZqtUZQSbrRJuXpr,39
CCq)_,aH.'F179,49
rgOeAO`iboJU,"pCYDaAgNHLD*UipwI,814",3
"kiqGwEj,zt[umKp982",nOwtWs.NIAcqpQYX*i,16
hHzt,jxHVJm',48
"\HWWuAmTKS;h727",vHpap,46
"kiqGwEj,zt[umKp982","M,JvrhsBYqEnePzsUHz/?Jc",6
UBpBN*HZt(AVtogANuaT-U,jpMPCp.?DOVYWMl>629,2
lxD,ZoUzjp&,48
"NrFnKnz,Y?txYPwoSsokwW",dbvpkifVDhgeyY*195,8
>f,THbBKe'yfrkYwZgkpT%547,21
MdXOsuq$qs+FtiWm+P,d:Ktahk<.G,42
<ZFWZxzsqu,hDMCx,13
AostSutnCfFNycXekAW$r,"o%E `",50
RsVLk/Jm^fqdtVWtWSTN911,"e EJ",22
*)pQUxS[VfintZjtvySDJ,YhkW#Ar:rM,32
`JzKPd'dbUR:Xv,xMhnL$\s,13
TyO,isGDcHhiDRlVjac,23
CWRrHJBRMYrGFnpqZ,nNiCGQ$TKM(),12
HgotFWFURWxGHgxJ,=heXkBsK?G(TKAeTAe255,7
tta`qfqFNVws(CAW,NIzHacfGcPV,16
"\ZwExTcl/yMCCf;q","bbhd r^sQBpQW)xClX",28
iMtZhyPOibSZoebkCTBx,(nvG>UmLoOFpL,14
"qVuKqLvLi+AuU;o.vV185",iFXs,7
I649,aGgOyq,27
WpXhRATRJPIvc971,o/P*,49
did,nXoyHbMoLA$LdmUAiGZ[q,44
>V,Kf/,34
^eLsD,hcJ]GhmVPiTORAvFRgZnA,4
W,zKwTo=iw[PTZznECX,17
UMoMrF,"ph Hfjkr",31
$cnCuXLpNIvgdhMjj,oKIlegbBblIB+Jj+*oAMmar,8
"DPFToi;t:ao","QSKh Dy",49
"eHsHfvNY,xlpzDQYFBCXC",pp/czWGnISWADXBtCUjZc412,18
Sh=+vWReGMqCqSroc/rAU,Te(mVY-DyutaVYzqObDGEh_863,9
V,)EWGgef`,22
nXoyHbMoLA$LdmUAiGZ[q,"uQsREbpmxNRvmU;Ltwl",16
vln475,xaRxJDTvkLuwd(F,13
=heXkBsK?G(TKAeTAe255,NpkFl>cjXTflhHTc,21
kVpL\hXufzhVv,";gtyG/MJLTTvMiDudqr",28
qjltBzylZfz793,"kwsZIgpcbZTiyd;QoPy&(W",24
sVuHtxxt.WmbIUkGWiYLy=376,MTP>?mdeyQcwWl,6
JSnRv&r,NpkFl>cjXTflhHTc,31
evFkAtRyM?rwsoSSIHO,"Jzs\;g)",44
yLPvw\ktsjvYNalljlwJT,ZlcnPq#cg/AWUvQpuOrGN-545,25
eP)sDbCKgSvUnYvc(f,YpJ+w'YLzx\XL,17
hcJ]GhmVPiTORAvFRgZnA,DxY?_W\,14
"qVuKqLvLi+AuU;o.vV185",KlwgOVEjGdWxT,25
"LNG;O>GFEu.pwPcK",gaS#Fbgyx,16
rWmk962,LgSNTSBSrwC,25
TaLGcZ#ATKr@se=MPb,Trw-s*ZJfpP\nIFjmBTo,31
NvfBdLVwI/AE,hPgKsVPuHFmgTriAQa=542,12
"aQGDmzZnsPytm,",O?Crl/JVMvH#f,22
W-vbAdZCOOirsktcN,"\ZwExTcl/yMCCf;q",8
";Ak*d+)398","GpKSyJm 681",13
h+djslMRdDR,"D%H#xUhdzx,HKtz",15
JOWRTjSxQtrW,hzZ+ui,30
"PQX;gbP","D%H#xUhdzx,HKtz",16
xSwIlZElDolhsK,d-w,32
X*w]Doaws(kvu365,\borMM,22
QU,\)FluD,39
T\WvJdu'244,UNrE.k,18
z^N*,"i]gVMpPISXZO g[237",44
RvkvQE,Gz#y#oVUhr,3
zsbRz%THbkNLBidILbL,(gbySAFTI843,30
QU,eAQKJZQu-xLSgGNdQ,30
htODYbohm+WK@,yxaUQorKgZp*,43
MdXOsuq$qs+FtiWm+P,Ec_p.obNBaRQBvEz,48
xMhnL$\s,gc#)),19
giO_cVO=aGUdGCJO)>840,aH.'F179,40
pLZkKjelZm,"NEkYvy`BqyqK wwtLVO",10
Stwn%PqoKk#,MBsk@YVMRfQEZxTtC,45
eP)sDbCKgSvUnYvc(f,"gIMLyfPnJgLbBwl\vC,",5
/uZ_Trga:fRbNs,",YXJ=l*577",20
$cnCuXLpNIvgdhMjj,tJ&FqAgHNX,20
"fxWIUhDWl@QB,cJjtB",IHsPQzXAY$lgyDEPIl,8
$RQocizrHAqq#tQrL#153,`MqQROIlAI,27
wvi^Awt,Oc/VUO,9
hljJ,aeIF$UzcHYK+Le,17
OUJfKn+APONd,CWRrHJBRMYrGFnpqZ,21
YDdVSa.W&UqWD-faaQ,<w/543,50
\borMM,KXbpaI?U348,29
ddwD\656,SUr<wAGRCjophZAPzRr,30
jcDLAPYNkEBtzBv,"iY'.;",36
sg[Z\ZatWc@c,AostSutnCfFNycXekAW$r,19
ktzlbTmDURWVyjIAHUsp*^471,Stwn%PqoKk#,44
"LNG;O>GFEu.pwPcK",prFTXQrzaw,12
FB(?YprgHEZ@DNZ,MTZXsJZKblk826,47
@kXHI#\,vln475,4
"e;S,DEgbVp/",tWZlgG]tOh^DWVe,19
QlWOythHdqrlfpfoZ337,skHdPaGLuzv]aK,40
WmlIlwN&PdyVTqJPmCw,TSxbB=/H,29
KiMz,s#gVMcLzsDPerOU,25
zxJCa%iTbfCda,K,44
V,gOE?d)OCqPvDvpwaUF,40
X(q(pqha157,T\WvJdu'244,7
-Wy(lrs+Tix,CvBjY145,39
zwzukZrL,JSlDVxXABMVMsyliG,32
hINSTeWjf,";dWOkKzg*jbhRxrMrkj",29
"IjxRzJmr,hd=VSRXRpOSZd*",iDQUBFhhPqm232,48
r,VGh\qcgYKyFW<,9
HPcQiitX,$:P:,32
"QSKh Dy",jpMPCp.?DOVYWMl>629,47
^z@,OljuBxhADdvKADnAi,43
KHfCKlJwqV*TzBTnp,nouR)VSJtydt,13
kRaCfokIRGfRelTsY^252,yM+lHIUi,36
adjlm[mh=,bBEXhog,7
cjWKnQGSMvJLHIlYvg,";jPvF.-CZ",1
yhBoILWZFj-$easyJ*X,pDAQhV:j&e%ReC,4
"b#LAGBQ=SC KcM",kQi-eA,27
tSEBVShoKBzefgwF,"iY'.;",46
QOGZDFhBAuSIXwaqnhgN++151,zLbUynZgFxuG`.WLH^,39
SsR,IG'GXRRrRUcKIlP,1
EUz[aI/hrULXJ,AYLLzITjq*289,34
"LNG;O>GFEu.pwPcK",DfUl&MIpniOJ],18
"R_jLBrj;oRlfDY?YyHBN","dDb [D+T",2
lghsmPJnUgwfJjnFFdh,zsbRz%THbkNLBidILbL,13
]W,"JL ciNUU$>ftwl",1
Llr`mMjgUk(HyHyXyB*653,y\FBxo]pjToQbHOeLVZ,17
"rzp @_","qwsjbC`NdKvn=DG MGj",23
Tpcb,ukeeZoGUq[uMB>GXtpOT,16
sjfJFqu%utmQ],>BdSN,50
nXoyHbMoLA$LdmUAiGZ[q,O:+c(,42
?wkpDUuc,MiuoLU>weV,12
in,zuhQeHmZgCTCBvj896,19
tV(qcj,fh'ijdSWbvGi,31
tDrMBvqkxCIjvC_nw848,G<g+d),37
zh%GhcdWDrz,`av=,20
eW.qaYeljdeaTgrh[MqB,sttgCkNxVKOkWqTxH%591,14
e>MUGEuyevpQb#ERua598,\)FluD,32
isGDcHhiDRlVjac,UeSGlKrV\wP:CyYThl@Fyym,40
u'pWbsbY,HMKEFOpv,47
grBhLpGQKbw_w,"uYH[FCH,MqSwGcJTdgRTc",33
vRNNfUISPwUUAMAFyrAg,%NuqihAucMYbVoT?VkA,24
"mkMOFSmtlG dqUMll","djOetjZ_nVt:OX;jhE",32
pDAQhV:j&e%ReC,FfVU,39
EUutYSgETRXuteoLq>Bdy,p%Hnkav,8
xiglp/u,kQi-eA,40
yyhY$AYKkHq%Lb>e,lYOyxB=,11
HlRLpTXMshSD,QlWOythHdqrlfpfoZ337,11
bCbBBxYSXYDblpldW,bVMhI.ju%=,42
Bp)SM*rEl,"gcCof;ZLakflkqN=",32
ASt,AostSutnCfFNycXekAW$r,8
Fe\A_-a,QlWOythHdqrlfpfoZ337,38
ChNUkDaBwHgzAwVrWi,p[SX,22
DW.ya,T\WvJdu'244,11
JhzIZhWK,KXbpaI?U348,23
zuhQeHmZgCTCBvj896,vBLQAMrlXFesmD][dHj,44
)JULHnNhZPnOcge,/[q,5
hw)DeNik,MN@qKPNYYnGE[V,40
QgNkbp&PLLudpRVzJlkg,CCq)_,25
yOaQ]WUovik&<,yUD\N>LQKSv,3
did,ZqtUZQSbrRJuXpr,4
WpXhRATRJPIvc971,nm=?388,24
"#l,@",V,8
Wx200,">Wrk vXW",19
)u[],^VQ,40
M,WUiYx_\qQ/JFBcP,22
pLZkKjelZm,@vMzVSLOxwktHvpYgNq,24
" :z153",xMhnL$\s,30
Trw-s*ZJfpP\nIFjmBTo,WUiYx_\qQ/JFBcP,25
wvi^Awt,"zsxPe ySnF)>x",35
]<i,"zKJLFgN,QgeX",37
CrLeOJ,"GpKSyJm 681",48
K'iIr-qYgv'C,j>qn@SdWVOEEpeiHxbdapL,6
c>==,BsW+BBz899,48
BsW+BBz899,(nvG>UmLoOFpL,37
"i,JxPk=?795","utV m_m:CqSywe",7
QzvR,PKJ_ZkJ,3
YXyn<278,\tBIJN$?e,11
CWRrHJBRMYrGFnpqZ,Ogzcy^s/R[CdGa,4
fC/=OhdLlxzeOMJ,TOSeIodll,34
Iuis,"qwsjbC`NdKvn=DG MGj",31
sIL)qAanfMXf>274,WmlIlwN&PdyVTqJPmCw,40
OHnhC^EBfNMlsFgN,V,42
B#Oi*DTOUfnJifNNH?pwnC+622,"Yo P<<",11
"=hR?;",HUIIVRogLy%Nnw.,40
"bbhd r^sQBpQW)xClX",lptehfQ,1
nXoyHbMoLA$LdmUAiGZ[q,Wf\OIp'W#meHUP,48
JsEwLhcTiTYKff)Zpav,eP)sDbCKgSvUnYvc(f,50
eAlZwtQAigJLlnCbX?171,IdxPQx$XfThaaZQt*,50
NxdLNPOdAXRwZmqQOM,"hJc,DYtLGyVv+ryN",44
"L\sDJPtfJi,xjMqJWeGmD>V",k)RGXRwBAMFjepYHl@z,4
">Wrk vXW",HeoWP,20
aVp\Z.I]bXie,MTP>?mdeyQcwWl,38
BPeLVaJU_qWJvI:753,Cck.gVeXY,28
HgotFWFURWxGHgxJ,zwHaLyJQ,2
fh'ijdSWbvGi,e>MUGEuyevpQb#ERua598,42
xMhnL$\s,&IbVbpSu,47
OZmdhsdjYpKepN647,nyCbwitz=GFCYRgmk,26
bRwVQCnTKrxgC,WdGFj)rzhZFyf+aIBO,19
ZMxlIUyXMZCFB(FZc$d<v,W_t$spN:pmf(738,48
jFV,B$zZ480,19
-\P_,#klzUqrH/,11
`MqQROIlAI,GUGJYNZtOpQHxHl,44
zLbUynZgFxuG`.WLH^,KlwgOVEjGdWxT,38
FgFVmIQfdrmzblet^(733,QU,25
XyGeBnklyuYUyDszvQQ,fRKFtZ]300,26
\kbfCQpsHpzTEA:,PT<lBjFMKZFvm:NcQBm,38
I(dC#^C848,"xNu\zheLsL 486",13
"eHsHfvNY,xlpzDQYFBCXC",HUIIVRogLy%Nnw.,15
TSxbB=/H,QzvR,26
MYmCBCuRCsemXEiJyRQ,"sYGmGFAfRZm,p",41
An,Wf\OIp'W#meHUP,48
d-w,=JFCDHhDgWBOPE>Klpdt,35
k)RGXRwBAMFjepYHl@z,aSN)Pi+aJvagvdMvp*,16
"ruBBSem eMDH",TaPLGYQvopUwbHeOus,28
",^ul[",EwbsmLjwNFMWKQlurdS,8
DuPCxGjFd^?991,IvIfLJIEMDHyBkmjoBsu,48
`=XBL*Ht,HRoQmJTGe[S:m*aI302,5
Q@qn,^z@,18
gkS_u+'ZG,"D%H#xUhdzx,HKtz",19
RzRwkQE,";Ak*d+)398",13
_pqPwGWkv<Y,An,10
":kpnMNDHwmgTXyDKKG*;n",G,34
uS^xrRhqBUIqwv`Dd,gYKkPdlOZPk'aQ,32
LHqtgKPf*Lnd\549,u(oXE:SYIDXCHIBIIWXtS-o,15
a@VFVqVGr,zSsGYj)q$Yc,31
nUodySnzCTwuZ,iTNQCUwBBy,21
bbvVBeFmgRiuqkPvMGu,ZkxUUYRaAXgwu%fSp,19
MsGsf?jryZiq610,EO,7
UMoMrF,ruMyuovldFbTG,21
zxJCa%iTbfCda,MXYtnZdEVJyxZQT,20
RH[T=bo*jgnWbfZ,iDQUBFhhPqm232,21
Hynzot<FGK+,"G'FZzBp,",37
DNEpsmBNWO,"V)'F 987",30
W,KHfCKlJwqV*TzBTnp,8
";pYTd",?wkpDUuc,6
"h,usTC(",l@,23
hDMCx,AmGqljOiGKoga,43
OUJfKn+APONd,pDAQhV:j&e%ReC,13
"DPFToi;t:ao",zwHaLyJQ,22
SfyRoPGQNHuAu=NBIheEz,fh'ijdSWbvGi,37
CdMXx()NVcJGA'sU,yxaUQorKgZp*,17
ZlcnPq#cg/AWUvQpuOrGN-545,/XpiNi\JQH&OiocW,30
ntavNSJ_NF,"XytD/lwXbbgYRJbMX;Ba",19
ZQ)qFdNOlWzRudEgtO<mJ,"zXReTpuNjzmaHX.zKUQS,,L",47
rP(xVIsb:VNaI,MICoYPbQCcrm*aJmWcZZ,34
MP/C&=LZBT,'$gp%OT,42
)=Zza&813,ktzlbTmDURWVyjIAHUsp*^471,31
rB_gUNYexrUXe#ZYZgWVGK,EKSTzFcjlLo>f=SQDGA,14
o/P*,MICoYPbQCcrm*aJmWcZZ,29
PazCSZHhyUAcpZ,Gz#y#oVUhr,20
`ry,YrTtlgEXiM^qdIpFxLNS154,37
HShCkEpPha,d-w,9
"waSaNFDHYc#LVs GT/tiau","mIjjn@OTfI]WGzaXcDm;",19
OYIWw%tuY,I_dAGPjoNpSa%ASFzo286,39
RAbeYDTGRBMzlpyfLX_841,"PmA,<vX",7
Inbj(C,K^?D(DwDj,31
usjc$Cx#eweZJnR.xuOpT,"fxWIUhDWl@QB,cJjtB",20
O`,a+IwjVDnHllWQgrLSFqI^,14
OHnhC^EBfNMlsFgN,cOEa\sv:,49
gkS_u+'ZG,jps,34
DlDp@,UevKpKvxwpKRoRvnEGp,40
fHELjQ,"qwsjbC`NdKvn=DG MGj",50
KM(u,Be(BHpYpD,11
JhzIZhWK,fUuWMZ(B,41
jQJAh'jzUEF,W_t$spN:pmf(738,4
ENyfcfSwfeXgsGiWxB,O(:.F,44
nm=?388,cDk*Hnc_Tk,33
Bp,dQOVkakg,45
R>m>D.492,AE(W%eQ^Turot305,45
L\kEWvpvhquEaY*kbxNJp,^z@,40
I(dC#^C848,IrL?ggsR([,2
"V)'F 987",SfyRoPGQNHuAu=NBIheEz,30
"q tqbceK&U?eikb",k-fmvCjZg@UMVW,28
tICWp]bX)OvZnlYu,\xKl[Bmjb%X,31
dy-QhYQdb,qZ+w*.,35
i:aZE,u)^>,48
tzwruUn,@xrHnqo_A)EwEfHTFSgScYD,10
EYZuGrasG,$WibhIomR,30
"PncS;.%","ZTZn,`I",24
AiDeZpt(TRM,Oc/VUO,37
"utV m_m:CqSywe",",[f-",34
AXIJqj<KAOgGa_968,aGgOyq,46
AQiCEcLdRZcIX<UusEmQF,W-vbAdZCOOirsktcN,41
i,CVBfkSWoBV,30
RMnSaMOASZOImVbU*:OtjJ,tzwruUn,48
bCbBBxYSXYDblpldW,wu\OBgQHH\137,19
UBpBN*HZt(AVtogANuaT-U,^z@,22
y(SUP,RcNPiAC&KH,20
nOwtWs.NIAcqpQYX*i,bBf`QjNCCkuTrtY,27
THbBKe'yfrkYwZgkpT%547,vnC+681,19
FKWOtIwBKfEJIAqnUec,MXYtnZdEVJyxZQT,6
CvBjY145,">BXXRxXNJtA;DTJHanqMx'b",33
UxQNMBoc,Gna_r'LLuYpm/M,30
"OC<EcRzSMuW_P,N",TaLGcZ#ATKr@se=MPb,27
dQOVkakg,HXfap+U_800,37
gc#)),bCbBBxYSXYDblpldW,39
",^ul[",/]MZgy,23
fSH'lOv%zifxvV,sVuHtxxt.WmbIUkGWiYLy=376,1
EtO]lPrrcYZOGSqyR]789,g^ihOEtum<ua^tJrQl,5
iMtZhyPOibSZoebkCTBx,esXbKIdwk,15
lbI&o^kn%(766,LceIYCKqpJdq(oh,26
NpkFl>cjXTflhHTc,@vMzVSLOxwktHvpYgNq,24
wI/h?F*mEOxdh,BfE\ILaXS,9
G<g+d),b(gyZuIrMUohTTgTMYu,6
"EMXgyen=gioC,ekOhWUP",">wZ,O)XC",2
`UtP?490,Eqj*QC$biYEhsB,27
THbBKe'yfrkYwZgkpT%547,jps,28
`UtP?490,Zl?z,13
$cnCuXLpNIvgdhMjj,lrpuKkQpKbFPvFU%Etj[$w,9
MTZXsJZKblk826,An,46
)Q:',RvkvQE,21
TiCjIh=SRSfuolvxnn,M%,30
hXERgZVCPDkUwHClHxMn,"xNu\zheLsL 486",30
/uZ_Trga:fRbNs,uZ%VBGHHl,39
bRwVQCnTKrxgC,oaTwgDF330,46
"gKlhf<AO;xHJYs",YhkW#Ar:rM,8
xvcaDwUtNBHJ*m_307,zSsGYj)q$Yc,50
YcW$RjZnJp,-SKfyZR)eHG)*625,10
fSH'lOv%zifxvV,GBG:NI[Yh,19
L.-E^,YpJ+w'YLzx\XL,34
HeoWP,"Yo P<<",10
zSsGYj)q$Yc,e'hU,4
"hJc,DYtLGyVv+ryN",e,29
(yIDpozWYJP)nzWs&NXVO,"mIjjn@OTfI]WGzaXcDm;",9
Te(mVY-DyutaVYzqObDGEh_863,EpUqrCHFyV,38
:@?o,skHdPaGLuzv]aK,32
"igF# sKS^hHa",\f:,27
"uQsREbpmxNRvmU;Ltwl",BNm)fwNShOb>jCi`ru,3
"U,uARXy\aIn",ZqtUZQSbrRJuXpr,49
nNc)zKzceJamVSDdc%S,"]*Jql@X;687",2
Wx200,qjltBzylZfz793,2
"\HWWuAmTKS;h727",UBpBN*HZt(AVtogANuaT-U,22
irNFfHqv]xd,S$pYjpAnx-ChN^,29
skHdPaGLuzv]aK,tSRQGiHCrUaQ,6
CBsIFpmLyZyFHZjKvGo126,lbI&o^kn%(766,34
Iuis,"mkMOFSmtlG dqUMll",50
"qxVUYlJkXp 768",WHRER_kpcYyT%ywLmisr>oj,50
"cuUY+IpYOkZf,raxtwm",KFIbc\ntVvsXYAaJ,25
OZKJq$,Cck.gVeXY,20
X*w]Doaws(kvu365,ritFpuvnMpHJWzEEV915,26
IvIfLJIEMDHyBkmjoBsu,JOWRTjSxQtrW,33
"Gia,ayb#dhQCdeFp#+821",QOGZDFhBAuSIXwaqnhgN++151,26
tDrMBvqkxCIjvC_nw848,gc#)),13
BPeLVaJU_qWJvI:753,iNenp$LXXfDKsfQ,2
Fe\A_-a,M%,10
qCNqzwzKFFeuLJUh/,\borMM,24
cIBArc@a,EUz[aI/hrULXJ,34
Cx,S$pYjpAnx-ChN^,22
"qVuKqLvLi+AuU;o.vV185","uYH[FCH,MqSwGcJTdgRTc",48
VELF&kLBTOZD,LzsOHK,42
(gbySAFTI843,uHvoKl^,2
PKJ_ZkJ,B(ZfkkqxCTHD-eSh<,37
g-MyL,Eu+^mlfj,48
"Ryiaw+D,","Suj*;/o",13
O?Crl/JVMvH#f,"rzp @_",46
"ywb;rRDSzzPTMoOyJgxO",":kpnMNDHwmgTXyDKKG*;n",12
e:jOmmgFEAUuuwOtfdR=466,DG_cVYKrnUafSxF,18
"etYbMV`XwmWvpZw;420",EvgaYLbYvONDa,39
F[KeyV?$rT,PyS`KeQ\PCyekVeDlHywZ,12
EvgaYLbYvONDa,sttgCkNxVKOkWqTxH%591,39
O(:.F,pLZkKjelZm,26
ZDqYf-FO,fRKFtZ]300,4
YcW$RjZnJp,=fM,32
HdpnzbOEScIyVAP,z^N*,41
GUEfHn(:aCssFJ,?cg]oIyYucVF,16
QZ,"gYXG<zv*LTki;",8
RMnSaMOASZOImVbU*:OtjJ,ALbiVOkd&VFzneNaOm,17
e'hU,HRoQmJTGe[S:m*aI302,28
@vMzVSLOxwktHvpYgNq,QcVcaEk':,28
\I\qYHmagLoEWeEak,bRwVQCnTKrxgC,24
ntavNSJ_NF,iTNQCUwBBy,10
aSN)Pi+aJvagvdMvp*,mvO,50
JsSqfNdVOoymJ,"E,.YchwzJbewvV/jV",13
"cuUY+IpYOkZf,raxtwm","ljj.;wrwd",50
VhidGMO)XmvbaLpGxvJiD,EwbsmLjwNFMWKQlurdS,35
e:jOmmgFEAUuuwOtfdR=466,w$wOfR>dtWd=I<131,32
HRoQmJTGe[S:m*aI302,HlTBoWRyIYeCiVrAZFy,17
G,rWmk962,10
"GudSkfqYy,C<T^",#klzUqrH/,18
:^^P,bBEXhog,35
Lva<G%ejOwXY,HPcQiitX,48
"ph Hfjkr",LBc)a:oHKkrgBJhC987,26
gLDz>Idxq<=289,XvNFRzVz'BVeOL,2
xCeArHMwqqM,"IjxRzJmr,hd=VSRXRpOSZd*",24
tDrMBvqkxCIjvC_nw848,"qSrCfQKxwDBYYfH &lD",4
XY>UkOpV@tZUy<,^z@,18
lYOyxB=,jcDLAPYNkEBtzBv,45
QlWOythHdqrlfpfoZ337,/PVBRoptPQrsn'TeqZu,43
MTZXsJZKblk826,";rc%dpY:kZfx",10
vRNNfUISPwUUAMAFyrAg,"S,rjW[lsXMTTZqhEVr>zNMe",41
"TiA#QyegMRqIlYJGz%;rGcF",QlWOythHdqrlfpfoZ337,38
Pfi_ZluhZciKCK,qPgSm@FmujamWIb,19
ENyfcfSwfeXgsGiWxB,yb,7
zKxRZFkaeWTmNK552,sjfJFqu%utmQ],1
"R_jLBrj;oRlfDY?YyHBN",zh%GhcdWDrz,7
sVuHtxxt.WmbIUkGWiYLy=376,SUr<wAGRCjophZAPzRr,30
"D%H#xUhdzx,HKtz",)=Zza&813,12
Inbj(C,"etYbMV`XwmWvpZw;420",5
"etYbMV`XwmWvpZw;420","AKhe%CSniaASEWjbZro j&i",35
V,"PQX;gbP",37
"_yzs i256",UyHwGlEbWmBQKD,12
&IbVbpSu,lEGppKMGMCPEyj,31
"n-Gk j-lT.303",<FWdkxBnblRkd,26
prjYgt\uPT_WnoS132,aNzQeBDfgKmylt=v555,10
_aVtsT),zSsGYj)q$Yc,50
QlWOythHdqrlfpfoZ337,FvR\hIRLjR,10
vRNNfUISPwUUAMAFyrAg,",pciet$Csy>",4
"D%H#xUhdzx,HKtz","bvfmV KpQHFr",33
"Suj*;/o",hHzt,23
cjWKnQGSMvJLHIlYvg,/XpiNi\JQH&OiocW,29
UxQNMBoc,tWZlgG]tOh^DWVe,17
qjltBzylZfz793,"ywb;rRDSzzPTMoOyJgxO",4
`av=,DlDp@,7
CQePNwvOOtGJQAmVEopf,qZ+w*.,11
aeIF$UzcHYK+Le,d-w,26
HgotFWFURWxGHgxJ,"ph Hfjkr",9
_aVtsT),EvaVnBU_JEwl,18
aP#tV',"eHsHfvNY,xlpzDQYFBCXC",1
YhkW#Ar:rM,tvlo$HyvoKcvkSLF_oEBn714,42
MdXOsuq$qs+FtiWm+P,(gbySAFTI843,6
gOE?d)OCqPvDvpwaUF,OoupkbgiyAKCDkPz,1
"UMQ;a)emTdykTInqR",ntavNSJ_NF,21
CCq)_,Stwn%PqoKk#,50
MwJSCfsruvah(F,rryEvnCJaZkVLLFSfz,19
"aQGDmzZnsPytm,",B#Oi*DTOUfnJifNNH?pwnC+622,30
"fQqn d_N$kzKnkPWB",jK#WtyPlTJOnwkFEXMxpJ#650,45
eZj+CkQ(iy,RH[T=bo*jgnWbfZ,34
e_Ap]CJLZ[J,LceIYCKqpJdq(oh,16
)Q:',tDrMBvqkxCIjvC_nw848,12
">Wrk vXW","PQX;gbP",1
xeFDC)vMrbHoc_MRq/,tV(qcj,39
"hJc,DYtLGyVv+ryN",FfVU,33
jps,OoupkbgiyAKCDkPz,31
tVn%krs]Yu(S,ADXBEy*MuagtArNoXmZ<452,29
did,"hJc,DYtLGyVv+ryN",26
xiglp/u,S$pYjpAnx-ChN^,18
"znhhIr`nV+j,ynHfj",UNrE.k,17
@vMzVSLOxwktHvpYgNq,MTP>?mdeyQcwWl,39
FApHNXXIep*t,SdwCLUtTlCO,3
PazCSZHhyUAcpZ,bxbMv:xp,44
hhenboDYCKSjxt?MwFjv<k,SPa,6
B(uCTpwpw?jtds]370,lxD,4
EfsRBizsidP\bUw?lEM,zfa,46
"vgSv;F-408",DP>T,33
ZDqYf-FO,OljuBxhADdvKADnAi,50
bCbBBxYSXYDblpldW,>tI)@F,3
+'L_367,)Q:',18
mISmsdOUMr:,elFxZzUpugjageRWW,23
d-w,e_Ap]CJLZ[J,21
T\WvJdu'244,UyHwGlEbWmBQKD,14
)=Zza&813,QZ,25
rl@$,"Ryiaw+D,",20
XGK/dsgfMEJH(UFNd,lptehfQ,33
lncJj<kRP'NAr:PUwbsiQ,bVMhI.ju%=,27
`av=,TOSeIodll,32
"ph Hfjkr",eP)sDbCKgSvUnYvc(f,6
"UMQ;a)emTdykTInqR",n?JYGzqOAoTo,27
jFV,NpkFl>cjXTflhHTc,13
ME:qdppbA]ybkd/n413,RcNPiAC&KH,50
LfXeF`QdkexK%lIADUn,"Ep[sntXYAOKtKb;Tp",8
Gna_r'LLuYpm/M,"W:Mb=hny 165",39
ebxcBC+,"E,.YchwzJbewvV/jV",21
EY.PZPatCO,hHzt,50
xiglp/u,"cWGvXHRA*m,DWWZ=422",22
"S,rjW[lsXMTTZqhEVr>zNMe",tvlo$HyvoKcvkSLF_oEBn714,11
w\,X=ZaySgi,14
x-&FkUCuL\mF,pDAQhV:j&e%ReC,36
s,@[/YBZ,47
p%Hnkav,OHnhC^EBfNMlsFgN,26
TuWHyhH>ykPo,",YXJ=l*577",32
J>AZ,TaLGcZ#ATKr@se=MPb,20
thMMlYWMYlhAZ#+MRFITeU,KHpFsDUfCMh#IKeuc,10
I649,dctAYGjaZUUixc.LUP,48
_aVtsT),tV(qcj,20
"ruBBSem eMDH",MiuoLU>weV,4
xfiWnzbY,UMoMrF,11
yyhY$AYKkHq%Lb>e,ZQ)qFdNOlWzRudEgtO<mJ,33
r,prFTXQrzaw,13
zTpMzEP`536,YO>WkjLJJXnOr,21
fQ&Cf=EVs@aUioQwvAJj,"utV m_m:CqSywe",44
KpFiUHcK[yqkF-K-dK,lxD,12
jcDLAPYNkEBtzBv,eW.qaYeljdeaTgrh[MqB,12
Zl?z,wjMsoSBqFvJwKr,16
/uZ_Trga:fRbNs,in,29
"zsxPe ySnF)>x",]W,1
"b:BK`s;","=hR?;",3
q:yV=UE:hSuqKTVP,IXuPcYWSQ,41
kQi-eA,RvkvQE,14
dbvpkifVDhgeyY*195,HeoWP,5
";jPvF.-CZ",NwBuUmIHF,26
aRfjxrLgQWvqTlYen,K'iIr-qYgv'C,24
YJrAJmhaDZjJcYejYq,AIijTP$117,28
tsxPJoNrBEXd_w,rrwnIvFTXikp,24
yTnE$JIPDic-rkERNjB,dDyfd#gS]ZO,6
#.ZMXzaNoZFpSKSlyt*dJc,LceIYCKqpJdq(oh,12
"aQGDmzZnsPytm,","/Ur;QoOKj347",34
B(ZfkkqxCTHD-eSh<,Inbj(C,20
did,ykkuEV(Ex,4
diH\HKS$,"OC<EcRzSMuW_P,N",33
q:yV=UE:hSuqKTVP,@kXHI#\,22
gkS_u+'ZG,jehKJIz%fdxa_mhYe,16
\xKl[Bmjb%X,@vMzVSLOxwktHvpYgNq,11
ZMxlIUyXMZCFB(FZc$d<v,hljJ,9
tICWp]bX)OvZnlYu,:^^P,9
xiglp/u,"Lz#/aafmW;xeJi",44
RcNPiAC&KH,ZqtUZQSbrRJuXpr,18
dPjKIgDl,"S,rjW[lsXMTTZqhEVr>zNMe",46
duRHhA@Lvv,CB@<D+Z,46
fSH'lOv%zifxvV,QTdvdIPrdEewNmqy,11
YF$GQ$pqLN%,Iuis,37
o#vYBXnMrO$854,"Gia,ayb#dhQCdeFp#+821",1
DG_cVYKrnUafSxF,tzwruUn,26
z=#HBdAB,Be(BHpYpD,45
zSsGYj)q$Yc,eikhRGJSoCBUSb(Tdtix225,6
ENWUmBCevs,%NuqihAucMYbVoT?VkA,34
ME:qdppbA]ybkd/n413,S$pYjpAnx-ChN^,49
MYmCBCuRCsemXEiJyRQ,CswTaX(BOXUcn_224,11
imfYW`vyH&&,e:jOmmgFEAUuuwOtfdR=466,32
o/P*,"hGuJCaO,xxVwwzJstqD",30
iMtZhyPOibSZoebkCTBx,r,3
=\AM-u,PIp_oErTfjePNgeyaSLd$626,1
"NO;j617",UyHwGlEbWmBQKD,37
PGryszIk,V\myNRyqdlcA>S,33
tVn%krs]Yu(S,zh%GhcdWDrz,31
vGuWHGmM\diFmcPP*F.tC`165,A^,45
LHqtgKPf*Lnd\549,Cj]L-,2
":kpnMNDHwmgTXyDKKG*;n",esXbKIdwk,1
HUIIVRogLy%Nnw.,"Yo P<<",31
IHsPQzXAY$lgyDEPIl,CCq)_,26
SrXHxoySNOFHnXLth,@WdjnK,19
"gIMLyfPnJgLbBwl\vC,",JgEMIlpYmdpuyfAneL,22
lYOyxB=,"iY'.;",27
^eLsD,UyHwGlEbWmBQKD,25
MYmCBCuRCsemXEiJyRQ,tVn%krs]Yu(S,9
^P?BtheZ,LW,7
G<g+d),)yLTA:KTCaHOgN+Kkn,40
pXwUtSbiQCzOPh,"S,rjW[lsXMTTZqhEVr>zNMe",17
AiDeZpt(TRM,UyHwGlEbWmBQKD,15
"Gia,ayb#dhQCdeFp#+821",kWciaOVLsqDKIigVmPsw,34
YXyn<278,J>AZ,29
e>MUGEuyevpQb#ERua598,JsSqfNdVOoymJ,26
MBsk@YVMRfQEZxTtC,mvO,32
]W,O?Crl/JVMvH#f,31
OOITM*gAsJtglNItB,zlNZ-pLCFI,35
/]MZgy,QQvMgBIbx,26
W,/[q,20
bCbBBxYSXYDblpldW,nUodySnzCTwuZ,40
)u[],AYLLzITjq*289,23
ENyfcfSwfeXgsGiWxB,"AKhe%CSniaASEWjbZro j&i",27
KOvSTini_Nm,kWciaOVLsqDKIigVmPsw,9
IdxPQx$XfThaaZQt*,TXqo.mvOF?Xid,5
d-w,O(:.F,36
\R@UohWJIRum,TXEEoYqWC.gHg#pjS,50
qPgSm@FmujamWIb,@WdjnK,39
jpMPCp.?DOVYWMl>629,YJpnwFC,17
zBBHMOWSf\TYVRfJ,"NEkYvy`BqyqK wwtLVO",36
MH/UrN,HjiB,40
",JLlGzyAzcNvzOONw_MN","fxWIUhDWl@QB,cJjtB",4
YO>WkjLJJXnOr,O?Crl/JVMvH#f,3
F[KeyV?$rT,JhzIZhWK,16
nOwtWs.NIAcqpQYX*i,">Wrk vXW",43
mCoFCKPYK,tVn%krs]Yu(S,19
pXwUtSbiQCzOPh,bjryyGWApUUAfSqjXirl,13
"J,\#mC",jUlodd+j,5
ZoUzjp&,e'hU,12
EpUqrCHFyV,nyCbwitz=GFCYRgmk,4
"]*Jql@X;687",",JLlGzyAzcNvzOONw_MN",33
iPngForsdbB_BJqEl&FdJd,n.Gaw?to,5
Bfw?GUnULmHT+SIQrZ^yHs,"b(X =m236",41
"y)iVj,xIvuJ","U,uARXy\aIn",44
uHvoKl^,WdGFj)rzhZFyf+aIBO,2
BNm)fwNShOb>jCi`ru,"o%E `",10
DVFdhwEFDnWsf,mvO,49
gOKIKazYNbhYwB&116,"VbAkoFHCKp,OTp",19
-\P_,YpJ+w'YLzx\XL,30
bwIWwja,+TzOoEvE*kXj,37
"tbKtza?u;gbFwGYNH=338",JSlDVxXABMVMsyliG,9
"hJc,DYtLGyVv+ryN",r-SnCL``taDyDRbPi,15
`JzKPd'dbUR:Xv,ykkuEV(Ex,18
ZkxUUYRaAXgwu%fSp,MpfLrUtlencZSlGdEeT667,9
"aQGDmzZnsPytm,",@kXHI#\,1
"qVuKqLvLi+AuU;o.vV185",o\654,37
\yK=dSQ,oKIlegbBblIB+Jj+*oAMmar,21
iOcrFzpIOtTwGqW#,WKavrWDjorR,5
"G'FZzBp,",ASt,29
cjWKnQGSMvJLHIlYvg,k-fmvCjZg@UMVW,24
zrTUBMQiBmztn,OZmdhsdjYpKepN647,20
"b#LAGBQ=SC KcM","\HWWuAmTKS;h727",34
z+pgzItuLV@SIZnBln$muWx,EvaVnBU_JEwl,27
eAQKJZQu-xLSgGNdQ,tzwruUn,26
MICoYPbQCcrm*aJmWcZZ,AiDeZpt(TRM,6
xSwIlZElDolhsK,eikhRGJSoCBUSb(Tdtix225,22
AmGqljOiGKoga,eW.qaYeljdeaTgrh[MqB,3
LBc)a:oHKkrgBJhC987,lncJj<kRP'NAr:PUwbsiQ,31
JmFRP<232,zZ_nq)D?cl642,41
p=z,"fQqn d_N$kzKnkPWB",35
"bmF,aApLXegaA_*[693","Bk,Rk@Xj#qAk",17
"FuMzHCqdQGpIc`m YYO(",hPgKsVPuHFmgTriAQa=542,9
fSH'lOv%zifxvV,imfYW`vyH&&,42
hoZA**X%f,UMoMrF,27
"DPFToi;t:ao",EwbsmLjwNFMWKQlurdS,16
AXPlgkKmEsvDLA,KbuB,5
X^ubzKhurbzaBfNxoZZul$443,poPHtn,22
YDdVSa.W&UqWD-faaQ,"dDb [D+T",30
giO_cVO=aGUdGCJO)>840,yQ)%U\483,39
CB@<D+Z,NIzHacfGcPV,36
#JaNvFvDucnlaQ,"=hR?;",5
"D%H#xUhdzx,HKtz",Zl?z,7
EUz[aI/hrULXJ,hQOqjJhXwl`,7
MQOBlvoYEMRawYsu,eW.qaYeljdeaTgrh[MqB,18
"qSrCfQKxwDBYYfH &lD",NwLOvMthFYUfIH[dr*x*gb#326,13
hIymoyh)ZmvlTW,)u[],11
vYUJtX'vUeCt[QIBlHv,"y)iVj,xIvuJ",19
imfYW`vyH&&,uS^xrRhqBUIqwv`Dd,8
"ph Hfjkr",nXoyHbMoLA$LdmUAiGZ[q,17
l@,"y)iVj,xIvuJ",24
I,"hJc,DYtLGyVv+ryN",5
cOEa\sv:,Gz#y#oVUhr,31
p%Hnkav,$cnCuXLpNIvgdhMjj,41
byIZS:(Uum,hINSTeWjf,23
r-SnCL``taDyDRbPi,Wf\OIp'W#meHUP,40
e:jOmmgFEAUuuwOtfdR=466,BXQLqoDotE$cGMkrfL<GOi,8
bEGq969,usjc$Cx#eweZJnR.xuOpT,10
V\myNRyqdlcA>S,UNrE.k,46
Z?TX_275,";dWOkKzg*jbhRxrMrkj",16
FfVU,*)pQUxS[VfintZjtvySDJ,11
bEGq969,"igF# sKS^hHa",31
hINSTeWjf,)EWGgef`,46
aeIF$UzcHYK+Le,^RZooLkkprsngGlB,39
^z@,XGK/dsgfMEJH(UFNd,27
"CkZGED Ypqlwrq","gYXG<zv*LTki;",12
DNEpsmBNWO,hwSgLZnGEpZOT+Bq,43
\tBIJN$?e,"kGD dcEs[n=CUnmn180",23
rrwnIvFTXikp,wb.GP],41
grBhLpGQKbw_w,QOGZDFhBAuSIXwaqnhgN++151,41
FgFVmIQfdrmzblet^(733,$RQocizrHAqq#tQrL#153,28
"oZz;WhbJJB^DTZI",a@VFVqVGr,32
AE(W%eQ^Turot305,G<g+d),41
GBG:NI[Yh,",pciet$Csy>",27
"djOetjZ_nVt:OX;jhE",DxY?_W\,16
LgSNTSBSrwC,CCrByDnFDnTxz-H,18
"Yo P<<",jFV,41
CB@<D+Z,I,33
FgFVmIQfdrmzblet^(733,pDgXQmmAi-QwPXUsrUyrI[220,14
QQvMgBIbx,Lva<G%ejOwXY,21
/\hPmkgSLGZcSN,HgotFWFURWxGHgxJ,21
c>==,)=Zza&813,38
kRaCfokIRGfRelTsY^252,wb.GP],8
" XdHoAu",zwHaLyJQ,39
@vMzVSLOxwktHvpYgNq,zh%GhcdWDrz,1
UwhMW@SLt\ympI,">BXXRxXNJtA;DTJHanqMx'b",9
"fQqn d_N$kzKnkPWB","dDb [D+T",46
"aQGDmzZnsPytm,",HShCkEpPha,19
"nXZWBff\(g;UvXGwoOf",XGK/dsgfMEJH(UFNd,2
UeSGlKrV\wP:CyYThl@Fyym,X^ubzKhurbzaBfNxoZZul$443,25
nNiCGQ$TKM(),TXEEoYqWC.gHg#pjS,25
LW,K,8
HMKEFOpv,_kdVK/pF?,28
"DPFToi;t:ao",Ts@iHAZH)BkD638,27
PhonJRWhPdBaf,zwHaLyJQ,3
gMQNUTOdoEklLNUQyYrx,"mIjjn@OTfI]WGzaXcDm;",38
Bp)SM*rEl,CvBjY145,36
\I\qYHmagLoEWeEak,S:m'FRuGf%VIdOiT,6
Bfw?GUnULmHT+SIQrZ^yHs,qRPZQqZRJCYiy'oHRrJr,27
"J,\#mC",DW.ya,47
I_dAGPjoNpSa%ASFzo286,"lMs<mdG ",3
\borMM,fQ&Cf=EVs@aUioQwvAJj,44
w\,zwzukZrL,35
FKWOtIwBKfEJIAqnUec,$pACyBY*jJifPQMovIi,21
"i,JxPk=?795",s,13
GUEfHn(:aCssFJ,m%=QO+uHNDTqMuM,31
"yWj@xl(ze ",yQ)%U\483,22
MQOBlvoYEMRawYsu,lncJj<kRP'NAr:PUwbsiQ,24
vYUJtX'vUeCt[QIBlHv,HUIIVRogLy%Nnw.,22
r,ENyfcfSwfeXgsGiWxB,3
zZ_nq)D?cl642,gOE?d)OCqPvDvpwaUF,7
"bbhd r^sQBpQW)xClX",uZ%VBGHHl,35
