Id,label
Tpcb,Tpcb
"_gJhXDJUmeOjS,LZi","_gJhXDJUmeOjS,LZi"
RAbeYDTGRBMzlpyfLX_841,RAbeYDTGRBMzlpyfLX_841
MXYtnZdEVJyxZQT,MXYtnZdEVJyxZQT
UXbyFyzUZ:AeFoUV:,UXbyFyzUZ:AeFoUV:
wu\OBgQHH\137,wu\OBgQHH\137
aNzQeBDfgKmylt=v555,aNzQeBDfgKmylt=v555
+TzOoEvE*kXj,+TzOoEvE*kXj
"kwsZIgpcbZTiyd;QoPy&(W","kwsZIgpcbZTiyd;QoPy&(W"
lncJj<kRP'NAr:PUwbsiQ,lncJj<kRP'NAr:PUwbsiQ
tJ&FqAgHNX,tJ&FqAgHNX
-Wy(lrs+Tix,-Wy(lrs+Tix
"utV m_m:CqSywe","utV m_m:CqSywe"
"Lz#/aafmW;xeJi","Lz#/aafmW;xeJi"
<J.y,<J.y
fh'ijdSWbvGi,fh'ijdSWbvGi
jcDLAPYNkEBtzBv,jcDLAPYNkEBtzBv
AQiCEcLdRZcIX<UusEmQF,AQiCEcLdRZcIX<UusEmQF
MBsk@YVMRfQEZxTtC,MBsk@YVMRfQEZxTtC
FKWOtIwBKfEJIAqnUec,FKWOtIwBKfEJIAqnUec
q^nCNLD#,q^nCNLD#
aVp\Z.I]bXie,aVp\Z.I]bXie
oKIlegbBblIB+Jj+*oAMmar,oKIlegbBblIB+Jj+*oAMmar
zDe*PuAbYWPDnhW?XyC__351,zDe*PuAbYWPDnhW?XyC__351
iTNQCUwBBy,iTNQCUwBBy
LF[,LF[
Pfi_ZluhZciKCK,Pfi_ZluhZciKCK
hw)DeNik,hw)DeNik
YXyn<278,YXyn<278
A^,A^
jdhC#HKD'453,jdhC#HKD'453
M,M
xfiWnzbY,xfiWnzbY
YpJ+w'YLzx\XL,YpJ+w'YLzx\XL
lEsUUMjcNlQ)G,lEsUUMjcNlQ)G
Hynzot<FGK+,Hynzot<FGK+
gc#)),gc#))
J>AZ,J>AZ
-\P_,-\P_
_pqPwGWkv<Y,_pqPwGWkv<Y
Y^*qq't,Y^*qq't
YDdVSa.W&UqWD-faaQ,YDdVSa.W&UqWD-faaQ
pDAQhV:j&e%ReC,pDAQhV:j&e%ReC
[+X#,[+X#
)Q:',)Q:'
KpFiUHcK[yqkF-K-dK,KpFiUHcK[yqkF-K-dK
";gtyG/MJLTTvMiDudqr",";gtyG/MJLTTvMiDudqr"
lbI&o^kn%(766,lbI&o^kn%(766
OHnhC^EBfNMlsFgN,OHnhC^EBfNMlsFgN
"gIMLyfPnJgLbBwl\vC,","gIMLyfPnJgLbBwl\vC,"
lrpuKkQpKbFPvFU%Etj[$w,lrpuKkQpKbFPvFU%Etj[$w
kVpL\hXufzhVv,kVpL\hXufzhVv
gOKIKazYNbhYwB&116,gOKIKazYNbhYwB&116
"MJHw<;gcPhYkZciQPP","MJHw<;gcPhYkZciQPP"
UwhMW@SLt\ympI,UwhMW@SLt\ympI
cIBArc@a,cIBArc@a
evFkAtRyM?rwsoSSIHO,evFkAtRyM?rwsoSSIHO
EtO]lPrrcYZOGSqyR]789,EtO]lPrrcYZOGSqyR]789
a+IwjVDnHllWQgrLSFqI^,a+IwjVDnHllWQgrLSFqI^
wvi^Awt,wvi^Awt
"i]gVMpPISXZO g[237","i]gVMpPISXZO g[237"
Be(BHpYpD,Be(BHpYpD
YO>WkjLJJXnOr,YO>WkjLJJXnOr
Xrirf=mJGohdHqq/.,Xrirf=mJGohdHqq/.
"zR,TPNo/bzEBc ?290","zR,TPNo/bzEBc ?290"
jUlodd+j,jUlodd+j
elFxZzUpugjageRWW,elFxZzUpugjageRWW
"S$q ","S$q "
BPeLVaJU_qWJvI:753,BPeLVaJU_qWJvI:753
DVFdhwEFDnWsf,DVFdhwEFDnWsf
BsW+BBz899,BsW+BBz899
fUuWMZ(B,fUuWMZ(B
k-fmvCjZg@UMVW,k-fmvCjZg@UMVW
KFIbc\ntVvsXYAaJ,KFIbc\ntVvsXYAaJ
"PQX;gbP","PQX;gbP"
"s,ZEL'uqp","s,ZEL'uqp"
"nXZWBff\(g;UvXGwoOf","nXZWBff\(g;UvXGwoOf"
lghsmPJnUgwfJjnFFdh,lghsmPJnUgwfJjnFFdh
zKxRZFkaeWTmNK552,zKxRZFkaeWTmNK552
yb,yb
VhidGMO)XmvbaLpGxvJiD,VhidGMO)XmvbaLpGxvJiD
@[/YBZ,@[/YBZ
`UtP?490,`UtP?490
ENWUmBCevs,ENWUmBCevs
"<eODQh+lsQb,IheEzjB","<eODQh+lsQb,IheEzjB"
cjWKnQGSMvJLHIlYvg,cjWKnQGSMvJLHIlYvg
";jPvF.-CZ",";jPvF.-CZ"
hhenboDYCKSjxt?MwFjv<k,hhenboDYCKSjxt?MwFjv<k
"ljj.;wrwd","ljj.;wrwd"
"E,.YchwzJbewvV/jV","E,.YchwzJbewvV/jV"
" :z153"," :z153"
ALbiVOkd&VFzneNaOm,ALbiVOkd&VFzneNaOm
X_U,X_U
"y?< slp","y?< slp"
ChNUkDaBwHgzAwVrWi,ChNUkDaBwHgzAwVrWi
mISmsdOUMr:,mISmsdOUMr:
'E?>,'E?>
",YXJ=l*577",",YXJ=l*577"
sIL)qAanfMXf>274,sIL)qAanfMXf>274
PIp_oErTfjePNgeyaSLd$626,PIp_oErTfjePNgeyaSLd$626
sttgCkNxVKOkWqTxH%591,sttgCkNxVKOkWqTxH%591
oMUAZFrhqSWmgRGph,oMUAZFrhqSWmgRGph
iISpMiYoZWWRm,iISpMiYoZWWRm
DLaQngDxDdibeCMlmscv,DLaQngDxDdibeCMlmscv
eAlZwtQAigJLlnCbX?171,eAlZwtQAigJLlnCbX?171
"XA^;l#Fkh","XA^;l#Fkh"
w^v>=,w^v>=
R].Tt]pHHdkoJQJGh,R].Tt]pHHdkoJQJGh
BNm)fwNShOb>jCi`ru,BNm)fwNShOb>jCi`ru
LfXeF`QdkexK%lIADUn,LfXeF`QdkexK%lIADUn
hPgKsVPuHFmgTriAQa=542,hPgKsVPuHFmgTriAQa=542
dPjKIgDl,dPjKIgDl
"bhLd: ztmz","bhLd: ztmz"
SPa,SPa
"qVuKqLvLi+AuU;o.vV185","qVuKqLvLi+AuU;o.vV185"
RcNPiAC&KH,RcNPiAC&KH
":kpnMNDHwmgTXyDKKG*;n",":kpnMNDHwmgTXyDKKG*;n"
^P?BtheZ,^P?BtheZ
gAG/?*,gAG/?*
xSwIlZElDolhsK,xSwIlZElDolhsK
S?PdydCNZJjzlLVQSoKGi,S?PdydCNZJjzlLVQSoKGi
e,e
duRHhA@Lvv,duRHhA@Lvv
dUAZqwPnVTe,dUAZqwPnVTe
OOITM*gAsJtglNItB,OOITM*gAsJtglNItB
Kf/,Kf/
x-&FkUCuL\mF,x-&FkUCuL\mF
+eQXOd+u.bvOX,+eQXOd+u.bvOX
kWciaOVLsqDKIigVmPsw,kWciaOVLsqDKIigVmPsw
sg[Z\ZatWc@c,sg[Z\ZatWc@c
cDk*Hnc_Tk,cDk*Hnc_Tk
MICoYPbQCcrm*aJmWcZZ,MICoYPbQCcrm*aJmWcZZ
NxdLNPOdAXRwZmqQOM,NxdLNPOdAXRwZmqQOM
\BA,\BA
a@VFVqVGr,a@VFVqVGr
OZKJq$,OZKJq$
CB@<D+Z,CB@<D+Z
ZqtUZQSbrRJuXpr,ZqtUZQSbrRJuXpr
"\ZwExTcl/yMCCf;q","\ZwExTcl/yMCCf;q"
SsR,SsR
Cck.gVeXY,Cck.gVeXY
CCq)_,CCq)_
WHRER_kpcYyT%ywLmisr>oj,WHRER_kpcYyT%ywLmisr>oj
IvIfLJIEMDHyBkmjoBsu,IvIfLJIEMDHyBkmjoBsu
PT<lBjFMKZFvm:NcQBm,PT<lBjFMKZFvm:NcQBm
PJX%Qe=]tuj,PJX%Qe=]tuj
MTZXsJZKblk826,MTZXsJZKblk826
"Ep[sntXYAOKtKb;Tp","Ep[sntXYAOKtKb;Tp"
:^^P,:^^P
nXoyHbMoLA$LdmUAiGZ[q,nXoyHbMoLA$LdmUAiGZ[q
MdXOsuq$qs+FtiWm+P,MdXOsuq$qs+FtiWm+P
iNenp$LXXfDKsfQ,iNenp$LXXfDKsfQ
`QVOGN=tCCPY<qL,`QVOGN=tCCPY<qL
tPZEfirDrjGtiPd,tPZEfirDrjGtiPd
WKavrWDjorR,WKavrWDjorR
hQOqjJhXwl`,hQOqjJhXwl`
Gz#y#oVUhr,Gz#y#oVUhr
"PncS;.%","PncS;.%"
"R_jLBrj;oRlfDY?YyHBN","R_jLBrj;oRlfDY?YyHBN"
L\kEWvpvhquEaY*kbxNJp,L\kEWvpvhquEaY*kbxNJp
Md%SBSW`ngKkBqFAx,Md%SBSW`ngKkBqFAx
zh%GhcdWDrz,zh%GhcdWDrz
"m+jeTDyIw_O\Yeyybf;276","m+jeTDyIw_O\Yeyybf;276"
skHdPaGLuzv]aK,skHdPaGLuzv]aK
rrwnIvFTXikp,rrwnIvFTXikp
/eQ&q-899,/eQ&q-899
iDQUBFhhPqm232,iDQUBFhhPqm232
",(Wip",",(Wip"
IXuPcYWSQ,IXuPcYWSQ
bVMhI.ju%=,bVMhI.ju%=
EUz[aI/hrULXJ,EUz[aI/hrULXJ
VS[B,VS[B
AostSutnCfFNycXekAW$r,AostSutnCfFNycXekAW$r
\tBIJN$?e,\tBIJN$?e
yl,yl
>f,>f
%EPDns,%EPDns
diH\HKS$,diH\HKS$
g^ihOEtum<ua^tJrQl,g^ihOEtum<ua^tJrQl
byBtmd+IdyZWi%akly,byBtmd+IdyZWi%akly
"kPosMMivIclsB CIHJ[=k","kPosMMivIclsB CIHJ[=k"
"YBOhstIyk zEKu","YBOhstIyk zEKu"
"<cOILvxuqQG Us","<cOILvxuqQG Us"
QgNkbp&PLLudpRVzJlkg,QgNkbp&PLLudpRVzJlkg
zZ_nq)D?cl642,zZ_nq)D?cl642
bjryyGWApUUAfSqjXirl,bjryyGWApUUAfSqjXirl
nNc)zKzceJamVSDdc%S,nNc)zKzceJamVSDdc%S
KlwgOVEjGdWxT,KlwgOVEjGdWxT
n?JYGzqOAoTo,n?JYGzqOAoTo
]oVMVF:Qgk,]oVMVF:Qgk
J,J
HgotFWFURWxGHgxJ,HgotFWFURWxGHgxJ
I649,I649
QZ,QZ
zwzukZrL,zwzukZrL
rqCbtQOkbf,rqCbtQOkbf
qAbPeoq:KXLrFv,qAbPeoq:KXLrFv
'$gp%OT,'$gp%OT
YJrAJmhaDZjJcYejYq,YJrAJmhaDZjJcYejYq
MN@qKPNYYnGE[V,MN@qKPNYYnGE[V
FApHNXXIep*t,FApHNXXIep*t
jxHVJm',jxHVJm'
An,An
s,s
F[KeyV?$rT,F[KeyV?$rT
OYIWw%tuY,OYIWw%tuY
"JL ciNUU$>ftwl","JL ciNUU$>ftwl"
u'pWbsbY,u'pWbsbY
BXQLqoDotE$cGMkrfL<GOi,BXQLqoDotE$cGMkrfL<GOi
"a _sf","a _sf"
vnC+681,vnC+681
h+djslMRdDR,h+djslMRdDR
p[SX,p[SX
pDgXQmmAi-QwPXUsrUyrI[220,pDgXQmmAi-QwPXUsrUyrI[220
FRtGmlSud(KTdKgYh,FRtGmlSud(KTdKgYh
fC/=OhdLlxzeOMJ,fC/=OhdLlxzeOMJ
D-h-,D-h-
X*w]Doaws(kvu365,X*w]Doaws(kvu365
grBhLpGQKbw_w,grBhLpGQKbw_w
MYmCBCuRCsemXEiJyRQ,MYmCBCuRCsemXEiJyRQ
i,i
.OgISwtD*GUof,.OgISwtD*GUof
BfE\ILaXS,BfE\ILaXS
=q=fILOr],=q=fILOr]
$RQocizrHAqq#tQrL#153,$RQocizrHAqq#tQrL#153
*Vf?Zn,*Vf?Zn
OoeL,OoeL
hljJ,hljJ
Sh=+vWReGMqCqSroc/rAU,Sh=+vWReGMqCqSroc/rAU
jm(citx*XuhnQVmokc,jm(citx*XuhnQVmokc
AE(W%eQ^Turot305,AE(W%eQ^Turot305
"xNu\zheLsL 486","xNu\zheLsL 486"
uS^xrRhqBUIqwv`Dd,uS^xrRhqBUIqwv`Dd
"Ryiaw+D,","Ryiaw+D,"
sVuHtxxt.WmbIUkGWiYLy=376,sVuHtxxt.WmbIUkGWiYLy=376
zlNZ-pLCFI,zlNZ-pLCFI
jpMPCp.?DOVYWMl>629,jpMPCp.?DOVYWMl>629
"\HWWuAmTKS;h727","\HWWuAmTKS;h727"
"NrFnKnz,Y?txYPwoSsokwW","NrFnKnz,Y?txYPwoSsokwW"
qYbIsDjGdgM,qYbIsDjGdgM
mvO,mvO
zrTUBMQiBmztn,zrTUBMQiBmztn
nwZiAdiqSBMBWPhcCJlp,nwZiAdiqSBMBWPhcCJlp
/PVBRoptPQrsn'TeqZu,/PVBRoptPQrsn'TeqZu
`JzKPd'dbUR:Xv,`JzKPd'dbUR:Xv
SGrOIRfb,SGrOIRfb
Oc/VUO,Oc/VUO
RyL)MGnOODdk,RyL)MGnOODdk
yLPvw\ktsjvYNalljlwJT,yLPvw\ktsjvYNalljlwJT
mFOlsy,mFOlsy
Trw-s*ZJfpP\nIFjmBTo,Trw-s*ZJfpP\nIFjmBTo
qISfYifQarf\GNEq,qISfYifQarf\GNEq
aH.'F179,aH.'F179
Cj]L-,Cj]L-
M$h:OiugCCoZERw,M$h:OiugCCoZERw
";dWOkKzg*jbhRxrMrkj",";dWOkKzg*jbhRxrMrkj"
Eu+^mlfj,Eu+^mlfj
NCG[_IQfi,NCG[_IQfi
nUodySnzCTwuZ,nUodySnzCTwuZ
qZ+w*.,qZ+w*.
"nl>;IV/SBWSdgSSsfGX522","nl>;IV/SBWSdgSSsfGX522"
eVaEpvnQSAke,eVaEpvnQSAke
RzRwkQE,RzRwkQE
Ts@iHAZH)BkD638,Ts@iHAZH)BkD638
SdvFRjgZCcEynBGlcUw230,SdvFRjgZCcEynBGlcUw230
"e;S,DEgbVp/","e;S,DEgbVp/"
TyO,TyO
CVBfkSWoBV,CVBfkSWoBV
Fe\A_-a,Fe\A_-a
SEElkYzK_Ku/MP#o,SEElkYzK_Ku/MP#o
bBEXhog,bBEXhog
adjlm[mh=,adjlm[mh=
K,K
vYUJtX'vUeCt[QIBlHv,vYUJtX'vUeCt[QIBlHv
P:NPAeqjORKZDffUWt,P:NPAeqjORKZDffUWt
qCNqzwzKFFeuLJUh/,qCNqzwzKFFeuLJUh/
NwLOvMthFYUfIH[dr*x*gb#326,NwLOvMthFYUfIH[dr*x*gb#326
WUiYx_\qQ/JFBcP,WUiYx_\qQ/JFBcP
"b#LAGBQ=SC KcM","b#LAGBQ=SC KcM"
"J,\#mC","J,\#mC"
DfUl&MIpniOJ],DfUl&MIpniOJ]
hINSTeWjf,hINSTeWjf
>NS]o125,>NS]o125
gYKkPdlOZPk'aQ,gYKkPdlOZPk'aQ
e:jOmmgFEAUuuwOtfdR=466,e:jOmmgFEAUuuwOtfdR=466
=\AM-u,=\AM-u
RsVLk/Jm^fqdtVWtWSTN911,RsVLk/Jm^fqdtVWtWSTN911
Iiz^BPkptC)biNksOCsFa,Iiz^BPkptC)biNksOCsFa
poPHtn,poPHtn
"OC<EcRzSMuW_P,N","OC<EcRzSMuW_P,N"
=heXkBsK?G(TKAeTAe255,=heXkBsK?G(TKAeTAe255
:cd(KNQZ?nk,:cd(KNQZ?nk
(pgy,(pgy
KHfCKlJwqV*TzBTnp,KHfCKlJwqV*TzBTnp
zuhQeHmZgCTCBvj896,zuhQeHmZgCTCBvj896
rl@$,rl@$
Te(mVY-DyutaVYzqObDGEh_863,Te(mVY-DyutaVYzqObDGEh_863
Navs.$CljwpY$nVw,Navs.$CljwpY$nVw
`ry,`ry
MsGsf?jryZiq610,MsGsf?jryZiq610
NwSWADYxDZC,NwSWADYxDZC
FgFVmIQfdrmzblet^(733,FgFVmIQfdrmzblet^(733
"mNqFH;Bc-","mNqFH;Bc-"
O@_Pm(P,O@_Pm(P
@vMzVSLOxwktHvpYgNq,@vMzVSLOxwktHvpYgNq
DW.ya,DW.ya
`vuSdIlB&,`vuSdIlB&
UjhKJfc'n=Zjq=204,UjhKJfc'n=Zjq=204
UNrE.k,UNrE.k
EY.PZPatCO,EY.PZPatCO
"V Q@NEn ","V Q@NEn "
xYBNLnzXrOou,xYBNLnzXrOou
T\WvJdu'244,T\WvJdu'244
B(uCTpwpw?jtds]370,B(uCTpwpw?jtds]370
ebxcBC+,ebxcBC+
gaS#Fbgyx,gaS#Fbgyx
"cWGvXHRA*m,DWWZ=422","cWGvXHRA*m,DWWZ=422"
Wx200,Wx200
Q@qn,Q@qn
/uZ_Trga:fRbNs,/uZ_Trga:fRbNs
yUD\N>LQKSv,yUD\N>LQKSv
"etYbMV`XwmWvpZw;420","etYbMV`XwmWvpZw;420"
"V)'F 987","V)'F 987"
S$pYjpAnx-ChN^,S$pYjpAnx-ChN^
uzgbRweSGWkY^QN,uzgbRweSGWkY^QN
"IjxRzJmr,hd=VSRXRpOSZd*","IjxRzJmr,hd=VSRXRpOSZd*"
$WibhIomR,$WibhIomR
p%Hnkav,p%Hnkav
YcW$RjZnJp,YcW$RjZnJp
PazCSZHhyUAcpZ,PazCSZHhyUAcpZ
THbBKe'yfrkYwZgkpT%547,THbBKe'yfrkYwZgkpT%547
usjc$Cx#eweZJnR.xuOpT,usjc$Cx#eweZJnR.xuOpT
DBHY*p$'-168,DBHY*p$'-168
AXIJqj<KAOgGa_968,AXIJqj<KAOgGa_968
g$-],g$-]
hnc%vcbAC(,hnc%vcbAC(
fRKFtZ]300,fRKFtZ]300
rB_gUNYexrUXe#ZYZgWVGK,rB_gUNYexrUXe#ZYZgWVGK
hXERgZVCPDkUwHClHxMn,hXERgZVCPDkUwHClHxMn
"n-Gk j-lT.303","n-Gk j-lT.303"
KM(u,KM(u
"W:Mb=hny 165","W:Mb=hny 165"
",^ul[",",^ul["
`MqQROIlAI,`MqQROIlAI
CswTaX(BOXUcn_224,CswTaX(BOXUcn_224
hDMCx,hDMCx
UevKpKvxwpKRoRvnEGp,UevKpKvxwpKRoRvnEGp
QTdvdIPrdEewNmqy,QTdvdIPrdEewNmqy
"tbKtza?u;gbFwGYNH=338","tbKtza?u;gbFwGYNH=338"
tSRQGiHCrUaQ,tSRQGiHCrUaQ
WpXhRATRJPIvc971,WpXhRATRJPIvc971
prFTXQrzaw,prFTXQrzaw
YNk&NKpKitkIiYY$UXK,YNk&NKpKitkIiYY$UXK
hwlxpDzKO,hwlxpDzKO
qUH%`]^959,qUH%`]^959
LHqtgKPf*Lnd\549,LHqtgKPf*Lnd\549
ENyfcfSwfeXgsGiWxB,ENyfcfSwfeXgsGiWxB
AIijTP$117,AIijTP$117
k)RGXRwBAMFjepYHl@z,k)RGXRwBAMFjepYHl@z
FvR\hIRLjR,FvR\hIRLjR
SuHEkWWVIQcVs,SuHEkWWVIQcVs
zBBHMOWSf\TYVRfJ,zBBHMOWSf\TYVRfJ
w$wOfR>dtWd=I<131,w$wOfR>dtWd=I<131
TuWHyhH>ykPo,TuWHyhH>ykPo
yTnE$JIPDic-rkERNjB,yTnE$JIPDic-rkERNjB
wI/h?F*mEOxdh,wI/h?F*mEOxdh
XOYTButlCcZiSo,XOYTButlCcZiSo
prjYgt\uPT_WnoS132,prjYgt\uPT_WnoS132
Oi/cr@Cv+561,Oi/cr@Cv+561
TiCjIh=SRSfuolvxnn,TiCjIh=SRSfuolvxnn
vRNNfUISPwUUAMAFyrAg,vRNNfUISPwUUAMAFyrAg
R>m>D.492,R>m>D.492
EYZuGrasG,EYZuGrasG
yM+lHIUi,yM+lHIUi
`av=,`av=
did,did
NvfBdLVwI/AE,NvfBdLVwI/AE
",t;",",t;"
tV(qcj,tV(qcj
"G qEg","G qEg"
xxbwxO$)Pqiy,xxbwxO$)Pqiy
eAQKJZQu-xLSgGNdQ,eAQKJZQu-xLSgGNdQ
rP(xVIsb:VNaI,rP(xVIsb:VNaI
K'iIr-qYgv'C,K'iIr-qYgv'C
"s,ltE%ZcjR%ZkF&246","s,ltE%ZcjR%ZkF&246"
sjfJFqu%utmQ],sjfJFqu%utmQ]
X_bmkCqgSHIp,X_bmkCqgSHIp
[%[U,[%[U
fUjRj'TmKr'qPgqI,fUjRj'TmKr'qPgqI
"iY'.;","iY'.;"
MP/C&=LZBT,MP/C&=LZBT
"ruBBSem eMDH","ruBBSem eMDH"
>tI)@F,>tI)@F
">BXXRxXNJtA;DTJHanqMx'b",">BXXRxXNJtA;DTJHanqMx'b"
+jfYw@,+jfYw@
fSIJMfCckrxwQ,fSIJMfCckrxwQ
xdX<%q*wl773,xdX<%q*wl773
xaRxJDTvkLuwd(F,xaRxJDTvkLuwd(F
M_+GY,M_+GY
vHpap,vHpap
Wd_@eZbI#jk403,Wd_@eZbI#jk403
_aVtsT),_aVtsT)
eLHDGLr,eLHDGLr
UxQNMBoc,UxQNMBoc
wO'GO.Y,wO'GO.Y
"rzp @_","rzp @_"
jtqw?eB`T,jtqw?eB`T
TXqo.mvOF?Xid,TXqo.mvOF?Xid
zSsGYj)q$Yc,zSsGYj)q$Yc
"waSaNFDHYc#LVs GT/tiau","waSaNFDHYc#LVs GT/tiau"
GBG:NI[Yh,GBG:NI[Yh
"G'FZzBp,","G'FZzBp,"
MH/UrN,MH/UrN
FB(?YprgHEZ@DNZ,FB(?YprgHEZ@DNZ
b(gyZuIrMUohTTgTMYu,b(gyZuIrMUohTTgTMYu
iFXs,iFXs
S:m'FRuGf%VIdOiT,S:m'FRuGf%VIdOiT
IHsPQzXAY$lgyDEPIl,IHsPQzXAY$lgyDEPIl
h:E',h:E'
EpUqrCHFyV,EpUqrCHFyV
"bmF,aApLXegaA_*[693","bmF,aApLXegaA_*[693"
nNiCGQ$TKM(),nNiCGQ$TKM()
\I\qYHmagLoEWeEak,\I\qYHmagLoEWeEak
>V,>V
c:(vr,c:(vr
zTpMzEP`536,zTpMzEP`536
ZoUzjp&,ZoUzjp&
LM,LM
"LNG;O>GFEu.pwPcK","LNG;O>GFEu.pwPcK"
(nvG>UmLoOFpL,(nvG>UmLoOFpL
CWRrHJBRMYrGFnpqZ,CWRrHJBRMYrGFnpqZ
#JaNvFvDucnlaQ,#JaNvFvDucnlaQ
w\,w\
sbHelqnGMKsvcfsbi,sbHelqnGMKsvcfsbi
gLDz>Idxq<=289,gLDz>Idxq<=289
bRwVQCnTKrxgC,bRwVQCnTKrxgC
tDrMBvqkxCIjvC_nw848,tDrMBvqkxCIjvC_nw848
bCbBBxYSXYDblpldW,bCbBBxYSXYDblpldW
e_Ap]CJLZ[J,e_Ap]CJLZ[J
OlofMbgauoWzzfT,OlofMbgauoWzzfT
SMdfq*c`,SMdfq*c`
cBEa#,cBEa#
\xKl[Bmjb%X,\xKl[Bmjb%X
IrL?ggsR([,IrL?ggsR([
irNFfHqv]xd,irNFfHqv]xd
bxbMv:xp,bxbMv:xp
EtuEP'FYSSqqyMZE,EtuEP'FYSSqqyMZE
TOSeIodll,TOSeIodll
DW,DW
$cnCuXLpNIvgdhMjj,$cnCuXLpNIvgdhMjj
r,r
c>==,c>==
DxY?_W\,DxY?_W\
@xrHnqo_A)EwEfHTFSgScYD,@xrHnqo_A)EwEfHTFSgScYD
EwbsmLjwNFMWKQlurdS,EwbsmLjwNFMWKQlurdS
VGh\qcgYKyFW<,VGh\qcgYKyFW<
O:+c(,O:+c(
"AKhe%CSniaASEWjbZro j&i","AKhe%CSniaASEWjbZro j&i"
"ubNnnJipos\bl;hcto:","ubNnnJipos\bl;hcto:"
pyZpoKoeJ,pyZpoKoeJ
qRPZQqZRJCYiy'oHRrJr,qRPZQqZRJCYiy'oHRrJr
gruHB&RHXI]HA],gruHB&RHXI]HA]
^eLsD,^eLsD
^u?nZOvwX,^u?nZOvwX
EvaVnBU_JEwl,EvaVnBU_JEwl
zouJhqu*iwohAad+fZ),zouJhqu*iwohAad+fZ)
ASXnPPixMtpRbf,ASXnPPixMtpRbf
xMhnL$\s,xMhnL$\s
lqbURyNOHF)pt,lqbURyNOHF)pt
GePpkcQvWebAv`413,GePpkcQvWebAv`413
hcJ]GhmVPiTORAvFRgZnA,hcJ]GhmVPiTORAvFRgZnA
tSEBVShoKBzefgwF,tSEBVShoKBzefgwF
"Suj*;/o","Suj*;/o"
YKqGiMecLWahJKQ_yCCmR,YKqGiMecLWahJKQ_yCCmR
_kdVK/pF?,_kdVK/pF?
LBc)a:oHKkrgBJhC987,LBc)a:oHKkrgBJhC987
JZtvwEIOwLkctUY,JZtvwEIOwLkctUY
"P,RdifvP%J+ECIre","P,RdifvP%J+ECIre"
yQ)%U\483,yQ)%U\483
HUIIVRogLy%Nnw.,HUIIVRogLy%Nnw.
KXbpaI?U348,KXbpaI?U348
NIzHacfGcPV,NIzHacfGcPV
"CkZGED Ypqlwrq","CkZGED Ypqlwrq"
GUGJYNZtOpQHxHl,GUGJYNZtOpQHxHl
"spHVZ_EzB v,mYHZAY","spHVZ_EzB v,mYHZAY"
wjTAlDwGHwvnoGBYQB,wjTAlDwGHwvnoGBYQB
dQOVkakg,dQOVkakg
lYOyxB=,lYOyxB=
^RZooLkkprsngGlB,^RZooLkkprsngGlB
QQvMgBIbx,QQvMgBIbx
imfYW`vyH&&,imfYW`vyH&&
B#Oi*DTOUfnJifNNH?pwnC+622,B#Oi*DTOUfnJifNNH?pwnC+622
ritFpuvnMpHJWzEEV915,ritFpuvnMpHJWzEEV915
hzYOuxlVPZL,hzYOuxlVPZL
WmlIlwN&PdyVTqJPmCw,WmlIlwN&PdyVTqJPmCw
dDIuCYXtgXQNDYW,dDIuCYXtgXQNDYW
uHvoKl^,uHvoKl^
M%w,M%w
rryEvnCJaZkVLLFSfz,rryEvnCJaZkVLLFSfz
W_t$spN:pmf(738,W_t$spN:pmf(738
^YD[I`d364,^YD[I`d364
"PmA,<vX","PmA,<vX"
MQOBlvoYEMRawYsu,MQOBlvoYEMRawYsu
M%,M%
?cg]oIyYucVF,?cg]oIyYucVF
(yIDpozWYJP)nzWs&NXVO,(yIDpozWYJP)nzWs&NXVO
mCoFCKPYK,mCoFCKPYK
z=#HBdAB,z=#HBdAB
"qwsjbC`NdKvn=DG MGj","qwsjbC`NdKvn=DG MGj"
DXtvgzOwSQoPeYS,DXtvgzOwSQoPeYS
dgPgPrUDTCBfzVV,dgPgPrUDTCBfzVV
sCo:Gm]SBCYF,sCo:Gm]SBCYF
AmGqljOiGKoga,AmGqljOiGKoga
jqjBzHjFms=OerpLnXKgc,jqjBzHjFms=OerpLnXKgc
CrLeOJ,CrLeOJ
LzsOHK,LzsOHK
q:yV=UE:hSuqKTVP,q:yV=UE:hSuqKTVP
e>MUGEuyevpQb#ERua598,e>MUGEuyevpQb#ERua598
"Yo P<<","Yo P<<"
KsYOoRgkeAhuBfqDbYtf870,KsYOoRgkeAhuBfqDbYtf870
W@O`aTnURD,W@O`aTnURD
-SKfyZR)eHG)*625,-SKfyZR)eHG)*625
"KD-,YL(tZww","KD-,YL(tZww"
AXPlgkKmEsvDLA,AXPlgkKmEsvDLA
"md/zjc(rvOl;278","md/zjc(rvOl;278"
LgSNTSBSrwC,LgSNTSBSrwC
cpX$QWfLxt,cpX$QWfLxt
EvgaYLbYvONDa,EvgaYLbYvONDa
/[q,/[q
hIymoyh)ZmvlTW,hIymoyh)ZmvlTW
tICWp]bX)OvZnlYu,tICWp]bX)OvZnlYu
dctAYGjaZUUixc.LUP,dctAYGjaZUUixc.LUP
dy-QhYQdb,dy-QhYQdb
/XpiNi\JQH&OiocW,/XpiNi\JQH&OiocW
iMtZhyPOibSZoebkCTBx,iMtZhyPOibSZoebkCTBx
KOvSTini_Nm,KOvSTini_Nm
b/nZVNsVUykDL,b/nZVNsVUykDL
$pACyBY*jJifPQMovIi,$pACyBY*jJifPQMovIi
EO,EO
GUEfHn(:aCssFJ,GUEfHn(:aCssFJ
tvlo$HyvoKcvkSLF_oEBn714,tvlo$HyvoKcvkSLF_oEBn714
xCeArHMwqqM,xCeArHMwqqM
oaCrbRscuPo,oaCrbRscuPo
L.-E^,L.-E^
aSTFDY456,aSTFDY456
\kbfCQpsHpzTEA:,\kbfCQpsHpzTEA:
OoupkbgiyAKCDkPz,OoupkbgiyAKCDkPz
",pciet$Csy>",",pciet$Csy>"
WIKWBtP:zH`607,WIKWBtP:zH`607
PyS`KeQ\PCyekVeDlHywZ,PyS`KeQ\PCyekVeDlHywZ
TZ,TZ
aRfjxrLgQWvqTlYen,aRfjxrLgQWvqTlYen
"i,JxPk=?795","i,JxPk=?795"
"gYXG<zv*LTki;","gYXG<zv*LTki;"
ca+L,ca+L
t\,t\
crTEnViNbgFJDkWAeJ,crTEnViNbgFJDkWAeJ
"lMs<mdG ","lMs<mdG "
eAoEWCXbZYpHYbBKw`tT,eAoEWCXbZYpHYbBKw`tT
aP#tV',aP#tV'
vBLQAMrlXFesmD][dHj,vBLQAMrlXFesmD][dHj
QcVcaEk':,QcVcaEk':
&q,&q
ykkuEV(Ex,ykkuEV(Ex
"gcCof;ZLakflkqN=","gcCof;ZLakflkqN="
IlYNxlBUBsIUjtgKOL@dy[,IlYNxlBUBsIUjtgKOL@dy[
SfyRoPGQNHuAu=NBIheEz,SfyRoPGQNHuAu=NBIheEz
"fQqn d_N$kzKnkPWB","fQqn d_N$kzKnkPWB"
>BdSN,>BdSN
SrXHxoySNOFHnXLth,SrXHxoySNOFHnXLth
FfVU,FfVU
eP)sDbCKgSvUnYvc(f,eP)sDbCKgSvUnYvc(f
UyHwGlEbWmBQKD,UyHwGlEbWmBQKD
vZa?duxqlwq,vZa?duxqlwq
i:aZE,i:aZE
GCG`Xq'pEcQ),GCG`Xq'pEcQ)
HlTBoWRyIYeCiVrAZFy,HlTBoWRyIYeCiVrAZFy
PhonJRWhPdBaf,PhonJRWhPdBaf
",pMnR?vattPnVJzCAEcEZ",",pMnR?vattPnVJzCAEcEZ"
+Ck>(E,+Ck>(E
ZDqYf-FO,ZDqYf-FO
RH[T=bo*jgnWbfZ,RH[T=bo*jgnWbfZ
JsSqfNdVOoymJ,JsSqfNdVOoymJ
HPcQiitX,HPcQiitX
ZMxlIUyXMZCFB(FZc$d<v,ZMxlIUyXMZCFB(FZc$d<v
"mIjjn@OTfI]WGzaXcDm;","mIjjn@OTfI]WGzaXcDm;"
FKCikXpeyQraZ,FKCikXpeyQraZ
zsbRz%THbkNLBidILbL,zsbRz%THbkNLBidILbL
w.>`572,w.>`572
eZj+CkQ(iy,eZj+CkQ(iy
Llr`mMjgUk(HyHyXyB*653,Llr`mMjgUk(HyHyXyB*653
hoZA**X%f,hoZA**X%f
]<i,]<i
>ZoN%U%FvY716,>ZoN%U%FvY716
W-vbAdZCOOirsktcN,W-vbAdZCOOirsktcN
B$zZ480,B$zZ480
@fjlkl-n,@fjlkl-n
";rc%dpY:kZfx",";rc%dpY:kZfx"
\yK=dSQ,\yK=dSQ
ZlcnPq#cg/AWUvQpuOrGN-545,ZlcnPq#cg/AWUvQpuOrGN-545
bBf`QjNCCkuTrtY,bBf`QjNCCkuTrtY
yxaUQorKgZp*,yxaUQorKgZp*
[`v&%800,[`v&%800
&+N,&+N
jehKJIz%fdxa_mhYe,jehKJIz%fdxa_mhYe
zxJCa%iTbfCda,zxJCa%iTbfCda
:@?o,:@?o
HdpnzbOEScIyVAP,HdpnzbOEScIyVAP
aGgOyq,aGgOyq
"_yzs i256","_yzs i256"
\f:,\f:
"fxWIUhDWl@QB,cJjtB","fxWIUhDWl@QB,cJjtB"
nm=?388,nm=?388
<ZFWZxzsqu,<ZFWZxzsqu
K^?D(DwDj,K^?D(DwDj
@kXHI#\,@kXHI#\
gOE?d)OCqPvDvpwaUF,gOE?d)OCqPvDvpwaUF
yyhY$AYKkHq%Lb>e,yyhY$AYKkHq%Lb>e
",JLlGzyAzcNvzOONw_MN",",JLlGzyAzcNvzOONw_MN"
Bfw?GUnULmHT+SIQrZ^yHs,Bfw?GUnULmHT+SIQrZ^yHs
RMnSaMOASZOImVbU*:OtjJ,RMnSaMOASZOImVbU*:OtjJ
^VQ,^VQ
vln475,vln475
:gGEtVP131,:gGEtVP131
htODYbohm+WK@,htODYbohm+WK@
*)pQUxS[VfintZjtvySDJ,*)pQUxS[VfintZjtvySDJ
"qxVUYlJkXp 768","qxVUYlJkXp 768"
nouR)VSJtydt,nouR)VSJtydt
tta`qfqFNVws(CAW,tta`qfqFNVws(CAW
vxNhVVqpvtKEkbsiUG`A,vxNhVVqpvtKEkbsiUG`A
"Bk,Rk@Xj#qAk","Bk,Rk@Xj#qAk"
`=XBL*Ht,`=XBL*Ht
/]MZgy,/]MZgy
"bvfmV KpQHFr","bvfmV KpQHFr"
"Jzs\;g)","Jzs\;g)"
Inbj(C,Inbj(C
"zKJLFgN,QgeX","zKJLFgN,QgeX"
y(SUP,y(SUP
)u[],)u[]
JhzIZhWK,JhzIZhWK
V,V
*b.m`,*b.m`
"UMQ;a)emTdykTInqR","UMQ;a)emTdykTInqR"
"q tqbceK&U?eikb","q tqbceK&U?eikb"
"D%H#xUhdzx,HKtz","D%H#xUhdzx,HKtz"
)yLTA:KTCaHOgN+Kkn,)yLTA:KTCaHOgN+Kkn
wYWWxk,wYWWxk
"QSKh Dy","QSKh Dy"
XY>UkOpV@tZUy<,XY>UkOpV@tZUy<
HXfap+U_800,HXfap+U_800
]W,]W
QzvR,QzvR
rgOeAO`iboJU,rgOeAO`iboJU
PKJ_ZkJ,PKJ_ZkJ
hknock`uC,hknock`uC
/+:qg,/+:qg
M+S<$xUIjUywXGWVeF,M+S<$xUIjUywXGWVeF
"zq` A","zq` A"
KiMz,KiMz
gMQNUTOdoEklLNUQyYrx,gMQNUTOdoEklLNUQyYrx
XyGeBnklyuYUyDszvQQ,XyGeBnklyuYUyDszvQQ
fSH'lOv%zifxvV,fSH'lOv%zifxvV
f#DQt#(WI,f#DQt#(WI
zwHaLyJQ,zwHaLyJQ
:CjiJQC[ius)NHG,:CjiJQC[ius)NHG
<FWdkxBnblRkd,<FWdkxBnblRkd
jFV,jFV
"aQGDmzZnsPytm,","aQGDmzZnsPytm,"
X^ubzKhurbzaBfNxoZZul$443,X^ubzKhurbzaBfNxoZZul$443
Stwn%PqoKk#,Stwn%PqoKk#
"o%E `","o%E `"
lxD,lxD
wjMsoSBqFvJwKr,wjMsoSBqFvJwKr
"uYH[FCH,MqSwGcJTdgRTc","uYH[FCH,MqSwGcJTdgRTc"
DG_cVYKrnUafSxF,DG_cVYKrnUafSxF
MiuoLU>weV,MiuoLU>weV
qPgSm@FmujamWIb,qPgSm@FmujamWIb
lEGppKMGMCPEyj,lEGppKMGMCPEyj
DNEpsmBNWO,DNEpsmBNWO
HShCkEpPha,HShCkEpPha
YrTtlgEXiM^qdIpFxLNS154,YrTtlgEXiM^qdIpFxLNS154
HlRLpTXMshSD,HlRLpTXMshSD
"TiA#QyegMRqIlYJGz%;rGcF","TiA#QyegMRqIlYJGz%;rGcF"
d:Ktahk<.G,d:Ktahk<.G
"hJc,DYtLGyVv+ryN","hJc,DYtLGyVv+ryN"
qc>\Kiyb,qc>\Kiyb
EUutYSgETRXuteoLq>Bdy,EUutYSgETRXuteoLq>Bdy
OljuBxhADdvKADnAi,OljuBxhADdvKADnAi
"qSrCfQKxwDBYYfH &lD","qSrCfQKxwDBYYfH &lD"
"gKlhf<AO;xHJYs","gKlhf<AO;xHJYs"
Iuis,Iuis
esXbKIdwk,esXbKIdwk
cmTKafXxwtU548,cmTKafXxwtU548
",tFFT=",",tFFT="
xiglp/u,xiglp/u
"sYGmGFAfRZm,p","sYGmGFAfRZm,p"
rQsUrKivDXwar>[tC,rQsUrKivDXwar>[tC
",[f-",",[f-"
Z?TX_275,Z?TX_275
"NEkYvy`BqyqK wwtLVO","NEkYvy`BqyqK wwtLVO"
"pCYDaAgNHLD*UipwI,814","pCYDaAgNHLD*UipwI,814"
thMMlYWMYlhAZ#+MRFITeU,thMMlYWMYlhAZ#+MRFITeU
pysi>e$sEJCXyLk.SdeJZm,pysi>e$sEJCXyLk.SdeJZm
bbvVBeFmgRiuqkPvMGu,bbvVBeFmgRiuqkPvMGu
LceIYCKqpJdq(oh,LceIYCKqpJdq(oh
CvBjY145,CvBjY145
kRaCfokIRGfRelTsY^252,kRaCfokIRGfRelTsY^252
sNatqmdNme+,sNatqmdNme+
DvhQ\i215,DvhQ\i215
HeoWP,HeoWP
EDmtmNJwR:D)k,EDmtmNJwR:D)k
W,W
";pYTd",";pYTd"
UBpBN*HZt(AVtogANuaT-U,UBpBN*HZt(AVtogANuaT-U
fQ&Cf=EVs@aUioQwvAJj,fQ&Cf=EVs@aUioQwvAJj
SYlztX_en[933,SYlztX_en[933
ASt,ASt
\borMM,\borMM
=JFCDHhDgWBOPE>Klpdt,=JFCDHhDgWBOPE>Klpdt
"b:BK`s;","b:BK`s;"
N,N
"JshsZGo;QF*JDL&yYV","JshsZGo;QF*JDL&yYV"
G,G
"M,JvrhsBYqEnePzsUHz/?Jc","M,JvrhsBYqEnePzsUHz/?Jc"
^z@,^z@
?wkpDUuc,?wkpDUuc
"=hR?;","=hR?;"
"mkMOFSmtlG dqUMll","mkMOFSmtlG dqUMll"
Ec_p.obNBaRQBvEz,Ec_p.obNBaRQBvEz
KS@gl+#V447,KS@gl+#V447
"hGuJCaO,xxVwwzJstqD","hGuJCaO,xxVwwzJstqD"
XGK/dsgfMEJH(UFNd,XGK/dsgfMEJH(UFNd
O?Crl/JVMvH#f,O?Crl/JVMvH#f
Eqj*QC$biYEhsB,Eqj*QC$biYEhsB
"]*Jql@X;687","]*Jql@X;687"
HMKEFOpv,HMKEFOpv
\)FluD,\)FluD
">Wrk vXW",">Wrk vXW"
ddwD\656,ddwD\656
WmFSZpWeheYYiV[hvzE)N,WmFSZpWeheYYiV[hvzE)N
isGDcHhiDRlVjac,isGDcHhiDRlVjac
"h,usTC(","h,usTC("
UNindPFLB,UNindPFLB
"/Ur;QoOKj347","/Ur;QoOKj347"
n.Gaw?to,n.Gaw?to
eW.qaYeljdeaTgrh[MqB,eW.qaYeljdeaTgrh[MqB
WdGFj)rzhZFyf+aIBO,WdGFj)rzhZFyf+aIBO
DuPCxGjFd^?991,DuPCxGjFd^?991
"FuMzHCqdQGpIc`m YYO(","FuMzHCqdQGpIc`m YYO("
JmFRP<232,JmFRP<232
"L\sDJPtfJi,xjMqJWeGmD>V","L\sDJPtfJi,xjMqJWeGmD>V"
&IbVbpSu,&IbVbpSu
`MJyKeBteCBomlKk/mOj^,`MJyKeBteCBomlKk/mOj^
IG'GXRRrRUcKIlP,IG'GXRRrRUcKIlP
gMIk:DlDlKs<kNfonj,gMIk:DlDlKs<kNfonj
$:P:,$:P:
Gna_r'LLuYpm/M,Gna_r'LLuYpm/M
I(dC#^C848,I(dC#^C848
X(q(pqha157,X(q(pqha157
bEGq969,bEGq969
(g-/Af,(g-/Af
KidJyeSfs-SQAIUCARp?yS,KidJyeSfs-SQAIUCARp?yS
MTP>?mdeyQcwWl,MTP>?mdeyQcwWl
OUJfKn+APONd,OUJfKn+APONd
"ywb;rRDSzzPTMoOyJgxO","ywb;rRDSzzPTMoOyJgxO"
bwIWwja,bwIWwja
#.ZMXzaNoZFpSKSlyt*dJc,#.ZMXzaNoZFpSKSlyt*dJc
@WdjnK,@WdjnK
XvNFRzVz'BVeOL,XvNFRzVz'BVeOL
vGuWHGmM\diFmcPP*F.tC`165,vGuWHGmM\diFmcPP*F.tC`165
<w/543,<w/543
l@,l@
iPngForsdbB_BJqEl&FdJd,iPngForsdbB_BJqEl&FdJd
"VbAkoFHCKp,OTp","VbAkoFHCKp,OTp"
aSN)Pi+aJvagvdMvp*,aSN)Pi+aJvagvdMvp*
YJpnwFC,YJpnwFC
XsVYOMtMLhJT]G$p,XsVYOMtMLhJT]G$p
oxh,oxh
"zXReTpuNjzmaHX.zKUQS,,L","zXReTpuNjzmaHX.zKUQS,,L"
=fM,=fM
JU,JU
KbuB,KbuB
ZkxUUYRaAXgwu%fSp,ZkxUUYRaAXgwu%fSp
AiDeZpt(TRM,AiDeZpt(TRM
gOnYNyNS,gOnYNyNS
qF,qF
\#C,\#C
xeFDC)vMrbHoc_MRq/,xeFDC)vMrbHoc_MRq/
UeSGlKrV\wP:CyYThl@Fyym,UeSGlKrV\wP:CyYThl@Fyym
DP>T,DP>T
HjiB,HjiB
nOwtWs.NIAcqpQYX*i,nOwtWs.NIAcqpQYX*i
"igF# sKS^hHa","igF# sKS^hHa"
YF$GQ$pqLN%,YF$GQ$pqLN%
"b(X =m236","b(X =m236"
"Gia,ayb#dhQCdeFp#+821","Gia,ayb#dhQCdeFp#+821"
DlDp@,DlDp@
u(oXE:SYIDXCHIBIIWXtS-o,u(oXE:SYIDXCHIBIIWXtS-o
TaPLGYQvopUwbHeOus,TaPLGYQvopUwbHeOus
"EMXgyen=gioC,ekOhWUP","EMXgyen=gioC,ekOhWUP"
tsxPJoNrBEXd_w,tsxPJoNrBEXd_w
Os@OfJ@*oyIPyCBZgDXww,Os@OfJ@*oyIPyCBZgDXww
"yWj@xl(ze ","yWj@xl(ze "
KHpFsDUfCMh#IKeuc,KHpFsDUfCMh#IKeuc
JOWRTjSxQtrW,JOWRTjSxQtrW
pLZkKjelZm,pLZkKjelZm
"ViQqpdoA ahuDYyS;^897","ViQqpdoA ahuDYyS;^897"
"y)iVj,xIvuJ","y)iVj,xIvuJ"
"zsxPe ySnF)>x","zsxPe ySnF)>x"
LW,LW
qjltBzylZfz793,qjltBzylZfz793
fHELjQ,fHELjQ
)?fyzQ@fIeAKW,)?fyzQ@fIeAKW
JSlDVxXABMVMsyliG,JSlDVxXABMVMsyliG
z+pgzItuLV@SIZnBln$muWx,z+pgzItuLV@SIZnBln$muWx
"#l,@","#l,@"
qzRVrXB`WrxhYun-jxrk874,qzRVrXB`WrxhYun-jxrk874
Bp)SM*rEl,Bp)SM*rEl
nmk,nmk
IhwH>NG(XuILXVh,IhwH>NG(XuILXVh
"kGD dcEs[n=CUnmn180","kGD dcEs[n=CUnmn180"
LoabBEemRhhZNR,LoabBEemRhhZNR
xvcaDwUtNBHJ*m_307,xvcaDwUtNBHJ*m_307
Zl?z,Zl?z
upm>I_,upm>I_
";Ak*d+)398",";Ak*d+)398"
"gLCWhYWomNf DLl\kpRoAA?","gLCWhYWomNf DLl\kpRoAA?"
ukeeZoGUq[uMB>GXtpOT,ukeeZoGUq[uMB>GXtpOT
\R@UohWJIRum,\R@UohWJIRum
NPEThuhW[o'YrOyw^EvNwb,NPEThuhW[o'YrOyw^EvNwb
"N ?yDFZpk","N ?yDFZpk"
dbvpkifVDhgeyY*195,dbvpkifVDhgeyY*195
#klzUqrH/,#klzUqrH/
VELF&kLBTOZD,VELF&kLBTOZD
ADXBEy*MuagtArNoXmZ<452,ADXBEy*MuagtArNoXmZ<452
NwBuUmIHF,NwBuUmIHF
wJXFbmBMEqINHwaD,wJXFbmBMEqINHwaD
sQrhz%ZEk,sQrhz%ZEk
m%=QO+uHNDTqMuM,m%=QO+uHNDTqMuM
)=Zza&813,)=Zza&813
I_dAGPjoNpSa%ASFzo286,I_dAGPjoNpSa%ASFzo286
ME:qdppbA]ybkd/n413,ME:qdppbA]ybkd/n413
+'L_367,+'L_367
CdMXx()NVcJGA'sU,CdMXx()NVcJGA'sU
d-w,d-w
ZQ)qFdNOlWzRudEgtO<mJ,ZQ)qFdNOlWzRudEgtO<mJ
HRoQmJTGe[S:m*aI302,HRoQmJTGe[S:m*aI302
Lva<G%ejOwXY,Lva<G%ejOwXY
Cx,Cx
oaTwgDF330,oaTwgDF330
hwSgLZnGEpZOT+Bq,hwSgLZnGEpZOT+Bq
w(sa<wCXGS,w(sa<wCXGS
IdxPQx$XfThaaZQt*,IdxPQx$XfThaaZQt*
TVV)Lc%,TVV)Lc%
"cuUY+IpYOkZf,raxtwm","cuUY+IpYOkZf,raxtwm"
yhBoILWZFj-$easyJ*X,yhBoILWZFj-$easyJ*X
WprSPiEnmXn-,WprSPiEnmXn-
"NO;j617","NO;j617"
u)^>,u)^>
JSnRv&r,JSnRv&r
SdwCLUtTlCO,SdwCLUtTlCO
zLbUynZgFxuG`.WLH^,zLbUynZgFxuG`.WLH^
duL.DK&JiLn#c721,duL.DK&JiLn#c721
zKwTo=iw[PTZznECX,zKwTo=iw[PTZznECX
wb.GP],wb.GP]
SUr<wAGRCjophZAPzRr,SUr<wAGRCjophZAPzRr
ktzlbTmDURWVyjIAHUsp*^471,ktzlbTmDURWVyjIAHUsp*^471
"bbhd r^sQBpQW)xClX","bbhd r^sQBpQW)xClX"
Bp,Bp
/rK-P&a,/rK-P&a
"IcYVUtBu tVyplOJKiCv","IcYVUtBu tVyplOJKiCv"
TaLGcZ#ATKr@se=MPb,TaLGcZ#ATKr@se=MPb
"AKrnIk FKmCO'991","AKrnIk FKmCO'991"
tWZlgG]tOh^DWVe,tWZlgG]tOh^DWVe
rWmk962,rWmk962
aeIF$UzcHYK+Le,aeIF$UzcHYK+Le
O(:.F,O(:.F
"DPFToi;t:ao","DPFToi;t:ao"
DbpG,DbpG
Wlfm,Wlfm
lLgoVHgagBcIYQkJU,lLgoVHgagBcIYQkJU
"znhhIr`nV+j,ynHfj","znhhIr`nV+j,ynHfj"
ZRFfKaXWVQBbc+273,ZRFfKaXWVQBbc+273
O`,O`
zfa,zfa
jQJAh'jzUEF,jQJAh'jzUEF
yK,yK
yASgcJiUtoRT=$FGMFzvC/272,yASgcJiUtoRT=$FGMFzvC/272
p=z,p=z
nyCbwitz=GFCYRgmk,nyCbwitz=GFCYRgmk
CQePNwvOOtGJQAmVEopf,CQePNwvOOtGJQAmVEopf
cbXhmz(bs'365,cbXhmz(bs'365
kQi-eA,kQi-eA
A,A
in,in
z^N*,z^N*
eikhRGJSoCBUSb(Tdtix225,eikhRGJSoCBUSb(Tdtix225
QU,QU
xBbqwIio,xBbqwIio
gwVHbadPA+BgzHybcPAaf,gwVHbadPA+BgzHybcPAaf
" XdHoAu"," XdHoAu"
PAuCePtseKKIbDIBPyp,PAuCePtseKKIbDIBPyp
EKSTzFcjlLo>f=SQDGA,EKSTzFcjlLo>f=SQDGA
"ityJl xKwGfREgbg-xCgB","ityJl xKwGfREgbg-xCgB"
"vgSv;F-408","vgSv;F-408"
yOaQ]WUovik&<,yOaQ]WUovik&<
giO_cVO=aGUdGCJO)>840,giO_cVO=aGUdGCJO)>840
NpkFl>cjXTflhHTc,NpkFl>cjXTflhHTc
AYLLzITjq*289,AYLLzITjq*289
IGYeS[633,IGYeS[633
"eHsHfvNY,xlpzDQYFBCXC","eHsHfvNY,xlpzDQYFBCXC"
"hmJVb,ntBrDG","hmJVb,ntBrDG"
pXwUtSbiQCzOPh,pXwUtSbiQCzOPh
jK#WtyPlTJOnwkFEXMxpJ#650,jK#WtyPlTJOnwkFEXMxpJ#650
EfsRBizsidP\bUw?lEM,EfsRBizsidP\bUw?lEM
PTxjC%pDIvPmi)GWKLV*F,PTxjC%pDIvPmi)GWKLV*F
o\654,o\654
">wZ,O)XC",">wZ,O)XC"
dDyfd#gS]ZO,dDyfd#gS]ZO
ruMyuovldFbTG,ruMyuovldFbTG
r-SnCL``taDyDRbPi,r-SnCL``taDyDRbPi
jps,jps
MpfLrUtlencZSlGdEeT667,MpfLrUtlencZSlGdEeT667
"ph Hfjkr","ph Hfjkr"
"uQsREbpmxNRvmU;Ltwl","uQsREbpmxNRvmU;Ltwl"
OScCrrtnb$HVQG)swQEbh,OScCrrtnb$HVQG)swQEbh
)EWGgef`,)EWGgef`
gkS_u+'ZG,gkS_u+'ZG
tVn%krs]Yu(S,tVn%krs]Yu(S
e'hU,e'hU
"oZz;WhbJJB^DTZI","oZz;WhbJJB^DTZI"
iOcrFzpIOtTwGqW#,iOcrFzpIOtTwGqW#
"VppkjRo];wYq","VppkjRo];wYq"
"U,uARXy\aIn","U,uARXy\aIn"
)JULHnNhZPnOcge,)JULHnNhZPnOcge
H`xtgFT`458,H`xtgFT`458
"S,rjW[lsXMTTZqhEVr>zNMe","S,rjW[lsXMTTZqhEVr>zNMe"
g-MyL,g-MyL
ns*ItSVUaXH,ns*ItSVUaXH
lptehfQ,lptehfQ
MwJSCfsruvah(F,MwJSCfsruvah(F
/\hPmkgSLGZcSN,/\hPmkgSLGZcSN
YhkW#Ar:rM,YhkW#Ar:rM
TXEEoYqWC.gHg#pjS,TXEEoYqWC.gHg#pjS
"GpKSyJm 681","GpKSyJm 681"
QOGZDFhBAuSIXwaqnhgN++151,QOGZDFhBAuSIXwaqnhgN++151
JsEwLhcTiTYKff)Zpav,JsEwLhcTiTYKff)Zpav
"ZTZn,`I","ZTZn,`I"
B(ZfkkqxCTHD-eSh<,B(ZfkkqxCTHD-eSh<
o#vYBXnMrO$854,o#vYBXnMrO$854
PGryszIk,PGryszIk
cOEa\sv:,cOEa\sv:
s#gVMcLzsDPerOU,s#gVMcLzsDPerOU
"djOetjZ_nVt:OX;jhE","djOetjZ_nVt:OX;jhE"
CCrByDnFDnTxz-H,CCrByDnFDnTxz-H
V\myNRyqdlcA>S,V\myNRyqdlcA>S
B\fTpW,B\fTpW
uZ%VBGHHl,uZ%VBGHHl
%NuqihAucMYbVoT?VkA,%NuqihAucMYbVoT?VkA
hHzt,hHzt
j>qn@SdWVOEEpeiHxbdapL,j>qn@SdWVOEEpeiHxbdapL
"dDb [D+T","dDb [D+T"
(gbySAFTI843,(gbySAFTI843
hjDbybLjLg(ePPv`YHA`528,hjDbybLjLg(ePPv`YHA`528
y\FBxo]pjToQbHOeLVZ,y\FBxo]pjToQbHOeLVZ
BA`VwaSJtqiQc)t?r,BA`VwaSJtqiQc)t?r
"e EJ","e EJ"
G<g+d),G<g+d)
tmuOqwWWuYaqEypiloA,tmuOqwWWuYaqEypiloA
aqrRdEBwgvUXRrbyskT,aqrRdEBwgvUXRrbyskT
Ogzcy^s/R[CdGa,Ogzcy^s/R[CdGa
EyOpfLrHtze%ix[XAn,EyOpfLrHtze%ix[XAn
RvkvQE,RvkvQE
o/P*,o/P*
"XytD/lwXbbgYRJbMX;Ba","XytD/lwXbbgYRJbMX;Ba"
qdkED<AiIxkjNEzi,qdkED<AiIxkjNEzi
pp/czWGnISWADXBtCUjZc412,pp/czWGnISWADXBtCUjZc412
kLnfASafLXdcDp,kLnfASafLXdcDp
I,I
OZmdhsdjYpKepN647,OZmdhsdjYpKepN647
tzwruUn,tzwruUn
X/>hE,X/>hE
TSxbB=/H,TSxbB=/H
QlWOythHdqrlfpfoZ337,QlWOythHdqrlfpfoZ337
X=ZaySgi,X=ZaySgi
BqgiE>KSMrFE,BqgiE>KSMrFE
byIZS:(Uum,byIZS:(Uum
ntavNSJ_NF,ntavNSJ_NF
JgEMIlpYmdpuyfAneL,JgEMIlpYmdpuyfAneL
sNWSMHCcCNugu,sNWSMHCcCNugu
"kiqGwEj,zt[umKp982","kiqGwEj,zt[umKp982"
CBsIFpmLyZyFHZjKvGo126,CBsIFpmLyZyFHZjKvGo126
hzZ+ui,hzZ+ui
UMoMrF,UMoMrF
zsNdsA^,zsNdsA^
Wf\OIp'W#meHUP,Wf\OIp'W#meHUP
s_iaVgrhevg_UlM+416,s_iaVgrhevg_UlM+416
"GudSkfqYy,C<T^","GudSkfqYy,C<T^"
